,flux
2228.80054064,30505430.5801
2228.82097324,30495433.4124
2228.84140574,30485944.7377
2228.86183823,30466650.386
2228.88227073,30441326.032
2228.90270322,30420043.0294
2228.92313572,30399079.232
2228.94356821,30379818.4886
2228.9640006,30358495.5304
2228.9844332,30347818.5587
2229.00486569,30334027.6385
2229.02529808,30320577.4402
2229.04573067,30312962.8105
2229.06616316,30307742.1946
2229.08659555,30304284.3977
2229.10702814,30307675.9229
2229.12746063,30311411.0269
2229.14789321,30311992.7083
2229.1683256,30320009.9869
2229.18875809,30332565.5049
2229.20919067,30340295.2079
2229.22962306,30349017.1899
2229.25005554,30354068.1303
2229.27048812,30370155.469
2229.29092051,30365046.639
2229.31135299,30368559.4241
2229.33178557,30365144.4268
2229.35221805,30360140.3781
2229.37265053,30351120.6253
2229.39308301,30335203.7743
2229.41351549,30322697.7691
2229.43394797,30310325.4377
2229.45438045,30331554.0154
2229.47481293,30299031.9974
2229.4952455,30304916.1413
2229.51567788,30302869.4359
2229.53611036,30308774.1822
2229.55654293,30308605.964
2229.57697531,30308117.9463
2229.59740778,30311629.0313
2229.61784025,30316452.5264
2229.63827272,30320555.6508
2229.6587051,30321884.9845
2229.67913767,30321857.4309
2229.69957014,30322961.2237
2229.72000271,30321502.5584
2229.74043508,30318109.5342
2229.76086755,30309541.4924
2229.78130012,30300665.2464
2229.80173248,30293441.6245
2229.82216495,30291580.1239
2229.84259752,30285473.7643
2229.86302998,30282150.7851
2229.88346235,30300901.9863
2229.90389491,30281116.3628
2229.92432738,30278066.0615
2229.94475974,30276165.9327
2229.9651923,30279175.7637
2229.98562476,30279354.6287
2230.00605712,30276238.7832
2230.02648969,30276476.8616
2230.04692215,30282753.8041
2230.0673547,30284030.845
2230.08778706,30289365.9862
2230.10821952,30312205.6596
2230.12865208,30289743.787
2230.14908444,30295272.3344
2230.16951689,30298631.2596
2230.18994945,30252236.7855
2230.2103818,30290713.4589
2230.23081426,30294419.9639
2230.25124681,30287676.3922
2230.27167917,30284697.7489
2230.29211162,30287727.7542
2230.31254417,30286246.6525
2230.33297652,30280578.4715
2230.35340897,30277177.9773
2230.37384152,30276827.4074
2230.39427387,30274360.1849
2230.41470632,30273771.9218
2230.43513887,30269571.5063
2230.45557122,30264815.7707
2230.47600377,30266339.9259
2230.49643621,30269449.8362
2230.51686856,30263960.2769
2230.5373011,30262302.194
2230.55773355,30264266.8758
2230.57816589,30269314.3768
2230.59859844,30269665.0529
2230.61903088,30273208.5936
2230.63946322,30277015.5088
2230.65989576,30276109.9318
2230.6803282,30288012.6721
2230.70076064,
2230.72119309,30264333.3843
2230.74162552,30263126.5844
2230.76205796,30263180.4155
2230.7824904,30259894.3792
2230.80292284,30267464.4123
2230.82335528,30255023.3782
2230.84378781,30260232.6466
2230.86422015,30250898.1572
2230.88465258,30252727.5021
2230.90508512,30251165.2859
2230.92551745,30252221.1466
2230.94594998,30253004.3781
2230.96638242,30254887.9677
2230.98681475,30255753.1029
2231.00724728,30253990.4985
2231.02767971,30252364.0228
2231.04811204,30256282.7545
2231.06854457,30257973.6248
2231.088977,30259806.0244
2231.10940933,30256870.4404
2231.12984185,30254257.836
2231.15027418,30256525.2407
2231.17070661,30259424.3676
2231.19113913,30260724.2919
2231.21157156,30259279.2533
2231.23200388,30269427.1591
2231.25243641,30265905.383
2231.27286883,30271320.1229
2231.29330115,30262199.7125
2231.31373368,30261224.1774
2231.3341661,30261198.4389
2231.35459842,30261058.0066
2231.37503094,30260884.5892
2231.39546336,30262273.6007
2231.41589568,30260685.1168
2231.4363282,30264165.5255
2231.45676061,30257084.5269
2231.47719313,30253573.34
2231.49762545,30251898.4325
2231.51805786,30248035.3675
2231.53849038,30253205.4609
2231.55892269,30253275.1916
2231.57935511,30253607.7017
2231.59978762,30250911.7765
2231.62021994,30255347.4586
2231.64065235,30270750.1635
2231.66108486,30275911.2456
2231.68151727,30252866.5565
2231.70194958,30247675.064
2231.72238209,30251805.1486
2231.7428145,30252269.2345
2231.76324681,30251106.0112
2231.78367932,30249952.9432
2231.80411173,30253801.7412
2231.82454403,30252990.7253
2231.84497654,30252802.9698
2231.86540885,30251131.7808
2231.88584125,30246436.9899
2231.90627376,30252091.906
2231.92670606,30240457.6067
2231.94713846,30240396.6389
2231.96757097,30242965.1385
2231.98800327,30244502.6041
2232.00843567,30243448.8516
2232.02886817,30245030.3243
2232.04930057,30250398.4705
2232.06973297,30257696.9298
2232.09016537,30255861.0657
2232.11059777,30258189.1181
2232.13103017,30270859.3332
2232.15146256,30295464.223
2232.17189496,30268835.8782
2232.19232736,30265533.3393
2232.21275975,30263741.8941
2232.23319215,30259466.2047
2232.25362464,30259326.0439
2232.27405694,30262096.44
2232.29448933,30259772.4414
2232.31492182,30253313.8435
2232.33535411,30251805.5762
2232.35578651,30250909.0344
2232.376219,30252901.9252
2232.39665129,30265054.5744
2232.41708368,30256390.117
2232.43751617,30255378.1106
2232.45794845,30268825.672
2232.47838084,30262720.854
2232.49881333,30264055.9698
2232.51924572,30264987.6627
2232.539678,30261073.6035
2232.56011039,30262493.4762
2232.58054277,30259897.0498
2232.60097516,30258635.6359
2232.62140764,30256954.2934
2232.64183992,30247950.5704
2232.66227231,
2232.68270479,30258111.4607
2232.70313707,30257626.8349
2232.72356945,30255302.1034
2232.74400193,30260736.0956
2232.76443421,30265621.9101
2232.78486659,30266838.9951
2232.80529907,30264735.9372
2232.82573134,30259753.7332
2232.84616382,30255483.3841
2232.8665962,30253327.8774
2232.88702857,30259897.8119
2232.90746095,30259797.0836
2232.92789332,30260193.0029
2232.9483257,30256615.2213
2232.96875807,30253398.4274
2232.98919044,30254763.9486
2233.00962282,30252458.8752
2233.03005519,30251229.4522
2233.05048756,30255075.2986
2233.07091993,30252976.2372
2233.0913524,30256453.3524
2233.11178467,30256099.0505
2233.13221704,30267770.5364
2233.15264951,30263112.3826
2233.17308177,30274814.4338
2233.19351414,30263269.4637
2233.21394661,30261958.9712
2233.23437887,30260288.3343
2233.25481124,30260289.1172
2233.2752436,30264377.6746
2233.29567597,30263831.5133
2233.31610833,30259848.0035
2233.33654069,30254129.2073
2233.35697306,30252011.7816
2233.37740542,30274310.4144
2233.39783778,30250426.7913
2233.41827014,30243518.5939
2233.4387025,30242573.7225
2233.45913496,30241080.0362
2233.47956722,30242256.6007
2233.49999957,30247713.8379
2233.52043203,30245201.1144
2233.54086429,30244760.0964
2233.56129665,30249516.309
2233.5817291,30251755.2481
2233.60216136,30252493.7918
2233.62259381,30276510.6157
2233.64302617,30263167.2735
2233.66345842,30257090.1677
2233.68389087,30256062.7639
2233.70432322,30257594.6928
2233.72475558,30258308.4421
2233.74518793,30256155.4546
2233.76562028,30253235.278
2233.78605263,30250268.5425
2233.80648498,30250491.189
2233.82691733,30254171.3931
2233.84734967,30258621.3716
2233.86778202,30276149.7632
2233.88821437,30252543.9081
2233.90864671,30255943.0102
2233.92907916,30261072.5602
2233.94951141,30272740.8434
2233.96994375,30264061.6525
2233.99037609,30266664.0155
2234.01080844,30264069.1601
2234.03124078,30260539.567
2234.05167312,30262381.6446
2234.07210546,30263043.067
2234.09253781,30262181.5393
2234.11297015,30260999.7197
2234.13340249,30257580.342
2234.15383483,30251758.5406
2234.17426716,30251438.9049
2234.1946995,30251909.1243
2234.21513184,30246907.3991
2234.23556418,30243795.2983
2234.25599651,30239635.0998
2234.27642885,30239641.8319
2234.29686128,30243520.0208
2234.31729352,30243626.7697
2234.33772585,30244182.1661
2234.35815829,30272096.2239
2234.37859052,30264507.6983
2234.39902285,30247180.088
2234.41945528,30250701.9308
2234.43988751,30256415.8273
2234.46031995,30258043.7502
2234.48075228,30255772.6568
2234.5011845,30257038.4023
2234.52161693,30254052.8002
2234.54204926,30252996.6918
2234.56248159,30250943.1179
2234.58291392,30252100.0043
2234.60334624,30249999.042
2234.62377857,
2234.64421089,30255485.819
2234.66464322,30258973.2723
2234.68507554,30260421.3492
2234.70550787,30257926.5314
2234.72594019,30259395.1328
2234.74637251,30258413.1398
2234.76680484,30254441.8608
2234.78723716,30254059.7803
2234.80766948,30251435.6236
2234.8281018,30248948.4595
2234.84853412,30247518.0423
2234.86896634,30247172.5421
2234.88939875,30247544.707
2234.90983107,30244535.4199
2234.93026329,30244104.428
2234.95069571,30240973.0637
2234.97112802,30241652.3951
2234.99156034,30244842.9814
2235.01199265,30249317.4201
2235.03242497,30253562.2814
2235.05285728,30252632.1916
2235.07328959,30252424.1633
2235.09372191,30251500.766
2235.11415422,30256946.203
2235.13458663,30253634.4989
2235.15501884,30255216.3005
2235.17545115,30282231.9263
2235.19588356,30258143.7851
2235.21631577,30254674.4849
2235.23674808,30256867.8722
2235.25718049,30263361.133
2235.2776127,30264734.5621
2235.2980451,30260936.5044
2235.31847741,30261558.7289
2235.33890961,30262350.1205
2235.35934202,30265871.9209
2235.37977432,30267748.9632
2235.40020663,30266351.5381
2235.42063893,30267046.8257
2235.44107123,30265888.0072
2235.46150354,30262483.7339
2235.48193584,30262416.7819
2235.50236814,30263606.5623
2235.52280044,30258287.9946
2235.54323274,30257063.2608
2235.56366504,30254443.4486
2235.58409734,30245417.644
2235.60452964,30241924.6285
2235.62496194,30237562.4819
2235.64539413,30237228.9282
2235.66582653,30240641.1206
2235.68625882,30244452.9682
2235.70669102,30249020.4185
2235.72712342,30246486.9958
2235.74755571,30248186.7167
2235.7679879,30250021.5003
2235.7884203,30263750.1138
2235.80885259,30248002.7015
2235.82928488,30253960.6612
2235.84971717,30248922.3303
2235.87014946,30250680.0515
2235.89058175,30252511.6809
2235.91101404,30252396.1621
2235.93144633,30252640.7136
2235.95187862,30251035.6156
2235.97231101,30251810.6263
2235.9927432,30254005.5336
2236.01317548,30262940.6967
2236.03360787,30262017.7853
2236.05404006,30261252.5456
2236.07447244,30260610.0442
2236.09490473,30263536.2719
2236.11533691,30265248.2594
2236.13576929,30267068.3111
2236.15620158,30268499.8713
2236.17663376,30267200.6429
2236.19706614,30264784.9371
2236.21749842,30264689.9179
2236.2379307,30261994.2303
2236.25836298,30261606.3163
2236.27879516,30261684.0742
2236.29922754,30262985.4241
2236.31965982,30259895.1483
2236.3400921,30263777.0331
2236.36052428,30260583.6052
2236.38095665,30258184.6846
2236.40138893,30261864.3433
2236.4218211,30262146.5548
2236.44225348,30260200.3517
2236.46268575,30255070.1833
2236.48311793,30255147.1691
2236.5035503,30252693.086
2236.52398257,30250332.5906
2236.54441475,30249658.201
2236.56484712,30248747.9928
2236.58527939,
2236.60571156,30251630.6953
2236.62614393,30252824.4552
2236.6465762,30251410.6786
2236.66700847,30250195.9928
2236.68744074,30248968.3165
2236.707873,30249264.5595
2236.72830527,30248717.8201
2236.74873754,30248138.4784
2236.7691698,30258466.3958
2236.78960207,30247271.8087
2236.81003443,30258310.3459
2236.8304666,30254306.551
2236.85089886,30250445.2106
2236.87133122,30251882.2194
2236.89176339,30254674.9457
2236.91219575,30259001.036
2236.93262801,30260131.1313
2236.95306017,30256697.7898
2236.97349253,30257453.1711
2236.99392469,30257968.1096
2237.01435695,30255070.1501
2237.03478931,30256976.5126
2237.05522147,30257630.7036
2237.07565373,30260494.7559
2237.09608608,30261058.5673
2237.11651824,30263379.8434
2237.1369505,30267715.0134
2237.15738285,30265182.1393
2237.17781511,30267536.7143
2237.19824726,30271527.7641
2237.21867961,30273072.8619
2237.23911187,30271905.9437
2237.25954402,30271908.1717
2237.27997637,30272961.1344
2237.30040862,30273235.9386
2237.32084077,30274067.4435
2237.34127312,30274290.2464
2237.36170537,30271695.8727
2237.38213752,30271255.2005
2237.40256987,30273706.4826
2237.42300212,30273377.766
2237.44343427,30272499.9622
2237.46386662,30272197.9167
2237.48429886,30274186.3476
2237.50473111,30273447.1544
2237.52516335,30270894.1405
2237.5455956,30271335.6649
2237.56602784,30269965.6404
2237.58646009,30269775.8683
2237.60689233,30267614.4347
2237.62732457,30262197.6492
2237.64775691,30261691.9214
2237.66818906,30261560.1494
2237.6886213,30263248.2349
2237.70905364,30261230.3294
2237.72948578,30254351.9046
2237.74991812,30253828.6499
2237.77035025,30252909.4093
2237.79078249,30250396.6952
2237.81121483,30247989.8565
2237.83164697,30245352.4653
2237.8520792,30242132.7581
2237.87251154,30243989.9487
2237.89294368,30248925.8139
2237.91337591,30249718.5031
2237.93380825,30254332.6452
2237.95424038,30252690.7845
2237.97467261,30253183.0394
2237.99510494,30254531.3285
2238.01553718,30252926.6827
2238.03596931,30254560.8992
2238.05640164,30256907.8205
2238.07683387,30260693.496
2238.097266,30259967.0659
2238.11769833,30262226.7028
2238.13813056,30262302.7319
2238.15856269,30261627.4767
2238.17899501,30267198.5527
2238.19942724,30260796.8288
2238.21985937,30269027.3348
2238.24029169,30267584.517
2238.26072392,30283740.5202
2238.28115604,30298495.1715
2238.30158837,30268075.6758
2238.32202059,30270248.0429
2238.34245282,30273402.2887
2238.36288504,30273023.0399
2238.38331726,30272710.2538
2238.40374948,30270998.9055
2238.4241817,30273476.8653
2238.44461393,30273212.9378
2238.46504615,30271473.5935
2238.48547836,30264868.1478
2238.50591058,30260647.5996
2238.5263429,30258853.2199
2238.54677502,
2238.56720724,30259325.9082
2238.58763955,30257743.4653
2238.60807167,30258065.2207
2238.62850389,30255748.1104
2238.6489362,30254673.3389
2238.66936832,30254648.6987
2238.68980053,30251442.606
2238.71023284,30251115.1179
2238.73066496,30249930.3768
2238.75109717,30250485.0818
2238.77152948,30252806.7184
2238.79196159,30255548.1956
2238.8123938,30260493.3862
2238.83282611,30265350.5162
2238.85325832,30266913.0139
2238.87369043,30270046.8348
2238.89412274,30272499.8301
2238.91455495,30273945.4906
2238.93498706,30275863.9072
2238.95541936,30272477.8156
2238.97585157,30272652.392
2238.99628368,30271116.525
2239.01671598,30273441.3596
2239.03714819,30275371.6948
2239.05758029,30277205.622
2239.07801259,30274215.5719
2239.0984448,30272658.6422
2239.1188769,30271007.2638
2239.1393092,30269765.2324
2239.1597414,30273146.0253
2239.18017361,30274290.3568
2239.20060581,30275958.0922
2239.22103801,30280769.9052
2239.24147021,30279762.1206
2239.2619024,30278751.5711
2239.2823346,30278000.1028
2239.3027668,30277372.9474
2239.323199,30273410.3172
2239.34363119,30271702.6749
2239.36406349,30270768.7122
2239.38449559,30266719.6701
2239.40492778,30266389.5432
2239.42536008,30263798.3714
2239.44579217,30265206.3327
2239.46622436,30266759.2618
2239.48665666,30264725.6043
2239.50708875,30264351.8163
2239.52752094,30263974.5203
2239.54795323,30265154.6875
2239.56838532,30270023.6623
2239.58881751,30269499.9224
2239.6092498,30267585.1175
2239.62968189,30270278.1834
2239.65011408,30273258.7556
2239.67054637,30275296.0973
2239.69097856,30278362.4709
2239.71141065,30279654.8448
2239.73184293,30282837.087
2239.75227512,30279971.2326
2239.7727072,30282670.6286
2239.79313949,30283720.9455
2239.81357167,30286436.3553
2239.83400376,30286861.0535
2239.85443604,30283113.2582
2239.87486822,30283092.9817
2239.89530031,30285626.6036
2239.91573259,30286565.8196
2239.93616477,30290109.6945
2239.95659685,30287202.3513
2239.97702913,30284143.7645
2239.99746131,30284300.871
2240.01789349,30283526.7824
2240.03832567,30283189.1184
2240.05875784,30286827.2994
2240.07919002,30284752.3041
2240.0996222,30280981.407
2240.12005438,30279004.7409
2240.14048655,30277662.7207
2240.16091873,30277773.0779
2240.1813509,30278991.4823
2240.20178318,30279183.5093
2240.22221525,30278695.1816
2240.24264742,30277109.863
2240.2630797,30274318.0995
2240.28351177,30274785.1247
2240.30394394,30276330.89
2240.32437621,30278491.2188
2240.34480828,30280615.2533
2240.36524045,30279512.9617
2240.38567272,30280468.1452
2240.40610479,30279026.3409
2240.42653696,30279433.0995
2240.44696923,30280805.1368
2240.4674013,30278800.2679
2240.48783346,30281977.7632
2240.50826573,
2240.52869789,30299703.0551
2240.54912996,30297058.2646
2240.56956222,30298460.4131
2240.58999439,30297930.7545
2240.61042645,30299500.9908
2240.63085872,30299930.0115
2240.65129088,30301080.4555
2240.67172294,30303394.9114
2240.6921552,30299090.6589
2240.71258736,30298745.4864
2240.73301952,30300386.7688
2240.75345169,30302904.6944
2240.77388384,30303631.4048
2240.794316,30302708.3063
2240.81474816,30304223.7027
2240.83518032,30302843.1296
2240.85561248,30305617.7748
2240.87604463,30302883.2683
2240.89647679,30303532.151
2240.91690895,30301788.8979
2240.9373411,30300993.1227
2240.95777326,30300327.8534
2240.97820541,30299021.2251
2240.99863757,30300316.0904
2241.01906972,30299063.4585
2241.0395019,
2241.05993407,
2241.08036625,
2241.10079843,30295674.4416
2241.12123048,30293319.3659
2241.14166263,30293897.936
2241.16209488,30291428.4554
2241.18252693,30288656.8241
2241.20295908,30287729.2961
2241.22339132,30288125.5855
2241.24382337,30287565.3968
2241.26425552,30290961.3683
2241.28468777,30294333.05
2241.30511981,30295159.1579
2241.32555196,30296551.8471
2241.3459842,30297372.8
2241.36641635,30298405.5035
2241.38684839,30299399.4191
2241.40728063,30299922.2885
2241.42771278,30300304.5775
2241.44814492,30301027.9955
2241.46857706,30300766.0523
2241.4890091,30300857.1194
2241.50944134,30297817.1425
2241.52987348,30298163.8948
2241.55030562,30297594.4388
2241.57073776,30300261.2023
2241.5911699,30301181.0039
2241.61160194,30302584.2634
2241.63203418,30303574.8366
2241.65246631,30306140.9698
2241.67289835,30307910.0267
2241.69333059,30308064.3798
2241.71376272,30306245.4791
2241.73419486,30308634.3457
2241.75462699,30309448.483
2241.77505913,30308787.5802
2241.79549126,30309779.0654
2241.81592339,30305833.8166
2241.83635553,30303766.7604
2241.85678766,30300027.7241
2241.87721989,30300361.262
2241.89765192,30299225.1442
2241.91808405,30296689.5257
2241.93851628,30292509.917
2241.95894831,30289892.0817
2241.97938044,30289068.2147
2241.99981267,30288037.2553
2242.0202447,30287611.8769
2242.04067683,30284032.5739
2242.06110905,30283538.3741
2242.08154108,30283606.9497
2242.10197321,30285361.0139
2242.12240543,30287130.7185
2242.14283746,30287324.8038
2242.16326968,30288382.7663
2242.1837018,30287667.0017
2242.20413393,30288044.8531
2242.22456605,30291663.2207
2242.24499817,30297419.9938
2242.26543029,30299055.6881
2242.28586242,30299886.038
2242.30629454,30305229.3531
2242.32672656,30307198.1417
2242.34715878,30307596.0318
2242.3675909,30311799.6333
2242.38802291,30311212.3613
2242.40845513,30311324.214
2242.42888725,30308446.6527
2242.44931927,30310989.506
2242.46975149,
2242.4901836,30311484.0108
2242.51061562,30315364.8784
2242.53104783,30317588.967
2242.55147995,30317747.3913
2242.57191206,30320391.2745
2242.59234418,30317952.5533
2242.61277629,30322376.0424
2242.6332084,30322321.8373
2242.65364051,30322616.3804
2242.67407263,30319081.3743
2242.69450474,30319047.1008
2242.71493695,30320416.8158
2242.73536896,30313521.7242
2242.75580107,30308192.6513
2242.77623328,30302749.699
2242.79666529,30299397.9852
2242.81709739,30298982.5707
2242.8375296,30297560.0634
2242.85796161,30299073.2869
2242.87839382,30295743.6845
2242.89882592,30295455.8325
2242.91925793,30295283.3703
2242.93969013,30292944.3545
2242.96012224,30293121.5331
2242.98055424,30294650.4075
2243.00098644,30297873.0756
2243.02141845,30299913.1267
2243.04185065,30299378.6087
2243.06228275,30300689.0676
2243.08271475,30301343.8993
2243.10314686,30305643.4671
2243.12357906,30305616.973
2243.14401116,30305790.9452
2243.16444316,30308477.457
2243.18487536,30313238.8792
2243.20530745,30323682.929
2243.22573945,30318303.1619
2243.24617165,30321242.6166
2243.26660375,30320296.2901
2243.28703574,30319857.9522
2243.30746794,30318280.333
2243.32790004,30320996.6854
2243.34833203,30321205.6573
2243.36876423,30319516.508
2243.38919632,30316457.5994
2243.40962841,30320349.5617
2243.43006051,30317417.9838
2243.4504926,30315697.4086
2243.47092469,30315957.8633
2243.49135678,30317403.6857
2243.51178887,30317128.543
2243.53222096,30320799.0237
2243.55265315,30321869.1841
2243.57308514,30319090.072
2243.59351733,30320021.6571
2243.61394942,30316918.1472
2243.63438141,30313009.4936
2243.6548136,30310835.9417
2243.67524569,30309827.5091
2243.69567767,30319233.3042
2243.71610986,30310585.0976
2243.73654184,30309420.2293
2243.75697393,30306384.62
2243.77740611,30303443.5811
2243.7978381,30301566.3864
2243.81827018,30298594.8209
2243.83870237,30297263.7739
2243.85913435,30291639.9395
2243.87956643,30287701.6114
2243.89999861,30290019.9315
2243.92043059,30292959.9622
2243.94086267,30293092.6123
2243.96129485,30298877.1525
2243.98172693,30303009.2486
2244.00215891,30306788.7108
2244.02259109,30308160.3741
2244.04302317,30313054.333
2244.06345515,30317710.852
2244.08388733,30321038.1759
2244.1043194,30317759.6125
2244.12475138,30314178.7279
2244.14518356,30321023.4898
2244.16561563,30320667.7952
2244.18604761,30309287.4282
2244.20647978,30316146.7157
2244.22691185,30322646.423
2244.24734403,30334245.0285
2244.267776,30325054.9158
2244.28820807,30325754.2575
2244.30864024,30323453.8588
2244.32907222,30321428.4867
2244.34950429,30322865.0986
2244.36993646,30325544.6811
2244.39036853,30325842.2027
2244.4108005,30329887.9578
2244.43123267,
2244.45166474,30309221.6663
2244.4720967,30306108.5253
2244.49252887,30303648.4765
2244.51296084,30306138.7283
2244.5333929,30307302.2732
2244.55382507,30310632.0825
2244.57425704,30310784.6562
2244.5946891,30309222.2835
2244.61512127,30313220.2639
2244.63555323,30315653.7522
2244.65598529,30313189.5216
2244.67641746,30313885.8173
2244.69684942,30295116.2356
2244.71728148,30292731.5987
2244.73771364,30296033.9787
2244.75814561,30297498.5775
2244.77857767,30305421.0145
2244.79900983,30308263.6571
2244.81944189,30307164.5045
2244.83987385,30309352.8346
2244.860306,30316460.2232
2244.88073806,30322343.3723
2244.90117002,30325413.8689
2244.92160218,30321255.1241
2244.94203423,30305351.6708
2244.96246639,30307760.1904
2244.98289835,30312475.6095
2245.0033304,30315585.8408
2245.02376256,30317958.5319
2245.04419451,30322639.1191
2245.06462657,30324565.9029
2245.08505872,30328686.7782
2245.10549067,30322729.742
2245.12592273,30323069.2917
2245.14635488,30323358.1014
2245.16678683,30324155.3086
2245.18721888,30320434.9405
2245.20765103,30316801.1277
2245.22808298,30310334.9637
2245.24851503,30307289.0786
2245.26894718,30310994.3465
2245.28937913,30311084.0219
2245.30981118,30314971.9819
2245.33024332,30315857.6202
2245.35067527,30317391.0778
2245.37110732,30325069.2861
2245.39153947,30329345.0123
2245.41197141,30317418.1316
2245.43240346,30310473.6537
2245.4528356,30310345.1044
2245.47326755,30309490.0668
2245.49369959,30310848.1344
2245.51413173,30310702.0796
2245.53456368,30310287.7086
2245.55499572,30309062.7705
2245.57542786,30309374.4507
2245.5958598,30309319.9762
2245.61629184,30306047.5588
2245.63672398,30302998.2192
2245.65715602,30297648.1564
2245.67758806,30298230.7705
2245.6980201,30303927.7732
2245.71845214,30306726.382
2245.73888428,30306621.3628
2245.75931622,30306151.559
2245.77974826,30306677.7229
2245.80018039,30308208.5184
2245.82061233,30309275.3078
2245.84104436,30312051.8747
2245.8614765,30313832.4093
2245.88190843,30314446.8297
2245.90234047,30315292.2989
2245.9227726,30314005.9744
2245.94320454,30315667.3245
2245.96363657,30317271.6886
2245.9840686,30318023.1809
2246.00450063,30318651.8114
2246.02493267,30319475.1637
2246.0453647,30323225.4207
2246.06579673,30327223.8338
2246.08622876,30328340.5051
2246.10666089,30327250.586
2246.12709282,30327764.4357
2246.14752485,30324617.577
2246.16795697,30318755.8521
2246.1883889,30315457.3895
2246.20882093,30316631.8816
2246.22925306,30318807.6305
2246.24968498,30323823.9661
2246.27011701,30322026.009
2246.29054913,30320104.8988
2246.31098106,30318160.6304
2246.33141318,30317404.857
2246.35184521,30317628.8456
2246.37227713,30322345.6428
2246.39270926,
2246.41314128,30311881.5297
2246.4335732,30305970.7111
2246.45400532,30300936.1273
2246.47443734,30300284.1275
2246.49486936,30301576.1761
2246.51530138,30303877.6926
2246.5357334,30308057.2653
2246.55616542,30313076.7779
2246.57659754,30318759.8847
2246.59702946,30322940.4791
2246.61746148,30322634.9384
2246.6378936,30328931.0428
2246.65832551,30330810.7514
2246.67875753,30332428.5824
2246.69918965,30333360.4394
2246.71962156,30330396.2587
2246.74005358,30330240.9792
2246.76048559,30334327.4236
2246.78091761,30333070.3784
2246.80134952,30325960.1833
2246.82178163,30322696.5171
2246.84221365,30325155.1524
2246.86264566,30320352.5417
2246.88307767,30321828.1564
2246.90350968,30320537.075
2246.9239417,30317957.4721
2246.94437381,30316648.7099
2246.96480572,30317700.8876
2246.98523783,30320598.0472
2247.00566983,30323013.2681
2247.02610174,30324629.1136
2247.04653385,30325171.1748
2247.06696586,30331309.0026
2247.08739777,30332281.3784
2247.10782987,30332449.5942
2247.12826188,30333618.1849
2247.14869379,30336524.0647
2247.16912589,30327579.0952
2247.1895579,30326401.5551
2247.2099898,30327790.7348
2247.23042191,30324241.9173
2247.25085391,30320712.7904
2247.27128581,30322568.8105
2247.29171792,30324919.1951
2247.31214992,30324821.652
2247.33258192,30327333.3692
2247.35301392,30334188.0336
2247.37344592,30319959.6454
2247.39387792,30317830.1544
2247.41431002,30318972.5177
2247.43474192,30326272.0348
2247.45517392,30330760.6084
2247.47560592,30332280.6519
2247.49603792,30336159.1606
2247.51646982,30335749.5947
2247.53690191,30333761.1213
2247.55733391,30340651.6013
2247.57776601,30337015.649
2247.5981979,30347981.6924
2247.6186299,30339663.512
2247.63906199,30337906.4593
2247.65949389,30340402.4489
2247.67992588,30341902.1254
2247.70035798,30341033.1001
2247.72078987,30336292.9084
2247.74122186,30339946.3221
2247.76165396,30344662.5541
2247.78208595,30340314.2655
2247.80251784,30339257.1399
2247.82294993,30340550.7019
2247.84338192,30341399.4978
2247.86381381,30339392.6876
2247.8842459,30338444.6199
2247.90467789,30335881.7873
2247.92510978,30337087.5098
2247.94554187,30338529.846
2247.96597385,30339479.3064
2247.98640574,30339698.6573
2248.00683783,30337271.0172
2248.02726982,30339152.5906
2248.0477017,30342044.3808
2248.06813379,30347813.9535
2248.08856577,30345267.262
2248.10899766,30346567.9449
2248.12942974,30350926.5522
2248.14986173,30352567.0013
2248.17029371,30347093.5325
2248.19072569,30342976.2278
2248.21115767,30342720.2173
2248.23158966,30344663.9665
2248.25202164,30343905.3989
2248.27245362,30344656.5674
2248.2928856,30342873.5609
2248.31331758,30347073.0625
2248.33374956,30354779.2318
2248.35418164,
2248.37461352,30344408.8702
2248.3950455,30341766.9284
2248.41547757,30339106.5295
2248.43590945,30334982.8998
2248.45634143,30332620.1114
2248.47677351,30338981.8451
2248.49720538,30342300.2125
2248.51763736,30346208.0686
2248.53806943,30349040.8228
2248.55850131,30352534.6968
2248.57893328,30352079.6837
2248.59936536,30355798.1482
2248.61979733,30358871.5418
2248.6402292,30361785.9859
2248.66066128,30359932.731
2248.68109325,30358320.0403
2248.70152512,30354835.097
2248.72195719,30355591.7214
2248.74238916,30356621.4102
2248.76282103,30357686.5707
2248.7832531,30360982.4995
2248.80368507,30365520.9295
2248.82411714,30358652.3852
2248.84454901,30354145.1044
2248.86498098,30350647.4746
2248.88541295,30350322.8092
2248.90584491,30347957.214
2248.92627688,30348455.9157
2248.94670885,30350897.505
2248.96714081,30351608.1052
2248.98757278,30352477.2165
2249.00800474,30351938.6295
2249.02843671,30352507.4545
2249.04886867,30353456.179
2249.06930064,30352271.39
2249.0897326,30347846.3925
2249.11016456,30344954.6682
2249.13059653,30343832.9955
2249.15102849,30344832.1892
2249.17146045,30343321.218
2249.19189251,30347771.1927
2249.21232437,30347524.5549
2249.23275633,30347789.3376
2249.25318839,30351325.8656
2249.27362025,30355036.1
2249.29405221,30356398.0205
2249.31448427,30363141.198
2249.33491613,30362955.655
2249.35534808,30364535.4954
2249.37578014,30364776.2184
2249.396212,30360833.8858
2249.41664406,30363009.269
2249.43707601,30365000.5213
2249.45750797,30365411.3555
2249.47793992,30366476.3103
2249.49837188,30366539.4119
2249.51880383,30371834.4125
2249.53923578,30373368.4019
2249.55966774,30376887.1641
2249.58009969,30362764.6545
2249.60053164,30363460.9332
2249.6209636,30361316.4679
2249.64139555,30365083.8252
2249.6618275,30370000.2859
2249.68225945,30373228.1637
2249.7026914,30373741.539
2249.72312335,30377991.6703
2249.7435553,30378289.1049
2249.76398715,30370624.4299
2249.7844192,30368038.9392
2249.80485114,30367619.673
2249.82528299,30363036.962
2249.84571504,30355125.923
2249.86614699,30354151.4429
2249.88657893,30349632.8852
2249.90701088,30347532.3976
2249.92744282,30347758.9046
2249.94787477,30348019.6306
2249.96830671,30348281.3394
2249.98873866,30348830.3224
2250.0091706,30350817.176
2250.02960265,30352174.4522
2250.05003449,30352855.7993
2250.07046653,30351089.1005
2250.09089847,30347552.582
2250.11133032,30346467.3693
2250.13176236,30347058.2714
2250.1521943,30343970.509
2250.17262614,30344733.0823
2250.19305818,30345307.6847
2250.21349012,30349234.5526
2250.23392196,30352017.7653
2250.254354,30353888.7692
2250.27478594,30358537.7846
2250.29521787,30362047.097
2250.31564981,
2250.33608175,30354007.3788
2250.35651368,30354239.0822
2250.37694562,30357551.2575
2250.39737756,30357027.4575
2250.41780949,30358627.6316
2250.43824143,30357945.5952
2250.45867336,30359712.2588
2250.4791052,30358233.9338
2250.49953723,30356076.8978
2250.51996916,30356423.6562
2250.540401,30355325.4183
2250.56083303,30352419.787
2250.58126496,30349205.3102
2250.60169679,30348139.9943
2250.62212882,30345600.5456
2250.64256075,30348318.0811
2250.66299278,30351194.7553
2250.68342461,30351981.6143
2250.70385654,30354675.6179
2250.72428857,30356167.2048
2250.7447204,30361208.6919
2250.76515233,30363126.2824
2250.78558436,30365030.5623
2250.80601618,30368598.5953
2250.82644811,30370051.7373
2250.84688014,30367192.7174
2250.86731206,30360195.0432
2250.88774389,30359392.6958
2250.90817591,30359878.0749
2250.92860784,30358628.1983
2250.94903966,30358028.189
2250.96947169,30356137.0922
2250.98990361,30358578.7321
2251.01033544,30359496.9198
2251.03076746,30369226.9116
2251.05119938,30358150.5489
2251.0716312,30360607.6197
2251.09206322,30364630.0331
2251.11249514,30365278.1877
2251.13292707,30368262.1146
2251.15335899,30369662.6004
2251.17379091,30370591.2629
2251.19422282,30362976.5266
2251.21465474,30361704.1742
2251.23508666,30364770.7651
2251.25551858,30364756.9491
2251.2759505,30375974.9332
2251.29638242,30359437.2081
2251.31681433,30364301.8691
2251.33724625,30363757.9894
2251.35767817,30363527.6586
2251.37811018,30365845.4805
2251.398542,30372728.6925
2251.41897391,30377616.8682
2251.43940593,30378937.8547
2251.45983774,30371556.3436
2251.48026965,30376595.2488
2251.50070167,30367707.7071
2251.52113348,30368557.1245
2251.54156539,30366281.3926
2251.5619974,30366104.4937
2251.58242922,30374919.0428
2251.60286113,30381403.1778
2251.62329314,30381570.3481
2251.64372495,30375431.1633
2251.66415686,30412121.8105
2251.68458887,30364115.312
2251.70502078,30362472.1042
2251.72545269,30363723.8672
2251.74588459,30363490.7467
2251.7663165,30372543.5511
2251.78674841,30362985.9396
2251.80718032,30363152.1611
2251.82761222,30364822.1231
2251.84804413,30361909.3642
2251.86847604,30368531.3219
2251.88890794,30369265.5315
2251.90933985,30366764.8998
2251.92977175,30370050.2385
2251.95020365,30366621.8765
2251.97063556,30366236.5053
2251.99106746,30366353.8204
2252.01149927,30370206.5044
2252.03193127,30373915.8351
2252.05236317,30375386.0548
2252.07279507,30378361.6029
2252.09322697,30376280.8691
2252.11365887,30372715.3732
2252.13409077,30369749.5797
2252.15452268,30369696.2216
2252.17495457,30370997.8328
2252.19538647,30368965.3235
2252.21581847,30369601.6721
2252.23625027,30373319.8148
2252.25668217,30382373.1358
2252.27711417,
2252.29754597,30368005.348
2252.31797796,30368702.2532
2252.33840986,30372655.7849
2252.35884165,30374944.9056
2252.37927365,30375301.337
2252.39970555,30379445.109
2252.42013734,30378450.8404
2252.44056934,30371204.5463
2252.46100123,30369970.8257
2252.48143302,30361026.6841
2252.50186502,30352118.6404
2252.52229691,30353054.416
2252.5427288,30358093.2875
2252.56316069,30356149.0954
2252.58359259,30355336.6798
2252.60402448,30355687.8423
2252.62445637,30359064.8724
2252.64488826,30364820.3015
2252.66532015,30368093.8928
2252.68575204,30371282.3586
2252.70618393,30375672.9866
2252.72661572,30379614.6281
2252.74704771,30391090.2448
2252.76747959,30394510.4999
2252.78791138,30367654.9832
2252.80834337,30367830.8938
2252.82877526,30367845.3081
2252.84920724,30371630.7396
2252.86963903,30371152.7978
2252.89007091,30367664.6625
2252.9105029,30364942.5645
2252.93093468,30368059.9415
2252.95136657,30372433.9558
2252.97179855,30371438.636
2252.99223034,30372728.9626
2253.01266222,30372353.397
2253.0330942,30369834.4953
2253.05352609,30368995.4049
2253.07395787,30369115.3093
2253.09438985,30371363.3151
2253.11482173,30370329.9927
2253.13525351,30378151.761
2253.15568549,30374525.712
2253.17611737,30377316.1701
2253.19654915,30371032.3459
2253.21698113,30363615.8374
2253.23741301,30361068.648
2253.25784479,30352510.9854
2253.27827677,30357557.1961
2253.29870865,30353685.1379
2253.31914043,30348910.4533
2253.3395724,30354186.4098
2253.36000428,30359174.6501
2253.38043616,30358304.2915
2253.40086803,30358243.2808
2253.42129991,30356597.9519
2253.44173178,30358532.7138
2253.46216366,30361303.117
2253.48259553,30364630.1617
2253.50302741,30362611.4063
2253.52345928,30362993.7244
2253.54389115,30367192.7153
2253.56432312,30371903.445
2253.5847549,30372154.3813
2253.60518677,30373380.157
2253.62561874,30375922.1016
2253.64605051,30377950.4624
2253.66648238,30375850.049
2253.68691435,30370751.8807
2253.70734612,30374950.1578
2253.72777799,30410347.4401
2253.74820996,30365130.1977
2253.76864173,30361213.6789
2253.7890736,30364389.8362
2253.80950557,30368738.2574
2253.82993734,30369323.2808
2253.8503692,30366371.8002
2253.87080117,30366261.1376
2253.89123304,30368346.0944
2253.9116649,30367638.2355
2253.93209677,30370020.9305
2253.95252864,30372953.5932
2253.9729605,30370961.2179
2253.99339237,30368004.2775
2254.01382423,30373148.7867
2254.03425619,30371854.1825
2254.05468796,30372200.8402
2254.07511982,30371253.0133
2254.09555168,30369610.0311
2254.11598355,30369550.7802
2254.13641531,30372460.4307
2254.15684727,30375726.7816
2254.17727913,30382024.0059
2254.19771089,30387686.3369
2254.21814285,30385159.3438
2254.23857471,
2254.25900657,30366681.2345
2254.27943843,30368574.3162
2254.29987029,30369290.4884
2254.32030215,30369075.7586
2254.34073401,30368470.844
2254.36116586,30368035.6264
2254.38159772,30369639.9466
2254.40202968,30370949.3212
2254.42246144,30372605.5878
2254.44289339,30370669.0608
2254.46332525,30371458.4734
2254.483757,30372959.6226
2254.50418896,30376692.6839
2254.52462081,30374674.4398
2254.54505257,30376785.1414
2254.56548452,30379318.2444
2254.58591638,30382747.5374
2254.60634813,30378974.1233
2254.62678008,30377313.0671
2254.64721194,30374588.4318
2254.66764369,30375222.4546
2254.68807564,30377001.8794
2254.70850749,30375698.6457
2254.72893934,30395289.215
2254.74937119,30380350.5948
2254.76980304,30378027.1746
2254.79023489,30380876.5638
2254.81066674,30382899.8362
2254.83109859,30383811.5674
2254.85153044,30385256.7722
2254.87196229,30386181.7191
2254.89239414,30387378.0395
2254.91282599,30386118.7823
2254.93325783,30387380.9283
2254.95368968,30385850.3242
2254.97412163,30381853.278
2254.99455337,30370936.3876
2255.01498522,30370287.2768
2255.03541716,30367353.8104
2255.05584891,30364885.9489
2255.07628075,30369497.4748
2255.0967127,30369025.3093
2255.11714444,30369474.1963
2255.13757629,30369333.2598
2255.15800823,30368869.9454
2255.17843997,30375070.4975
2255.19887181,30375868.687
2255.21930376,30376442.2338
2255.2397356,30377578.0803
2255.26016734,30376909.6652
2255.28059928,30386269.9032
2255.30103112,30383805.1373
2255.32146286,30381779.0263
2255.3418948,30373395.2461
2255.36232664,30369692.2844
2255.38275838,30370067.8612
2255.40319032,30363159.9669
2255.42362216,30357576.5136
2255.4440541,30368976.081
2255.46448583,30361646.5684
2255.48491767,30377072.5268
2255.50534951,30383145.4624
2255.52578134,30385837.6507
2255.54621318,30389778.3435
2255.56664502,30390834.4469
2255.58707685,30393182.0284
2255.60750869,30400922.8754
2255.62794052,30402646.773
2255.64837236,30405466.9504
2255.66880419,30406030.9526
2255.68923602,30397408.3264
2255.70966786,30392680.3978
2255.73009969,30391363.9292
2255.75053152,30390131.9281
2255.77096336,30391835.7431
2255.79139519,30392022.6688
2255.81182712,30396079.0346
2255.83225885,30392476.8524
2255.85269068,30395316.7993
2255.87312261,30395014.7633
2255.89355434,30399998.3397
2255.91398627,30337472.2737
2255.9344181,29933822.8002
2255.95484983,30270377.5785
2255.97528176,30387737.3319
2255.99571359,30376405.651
2256.01614531,30374924.1781
2256.03657724,30375867.0941
2256.05700907,30375428.0141
2256.0774409,30371821.6505
2256.09787272,30373222.049
2256.11830455,30375482.9975
2256.13873637,30377715.8629
2256.1591682,30377075.0793
2256.17960002,30377355.0554
2256.20003185,
2256.22046367,30395296.6378
2256.2408955,30380319.686
2256.26132732,30374155.5078
2256.28175914,30372424.5579
2256.30219097,30370747.9874
2256.32262279,30373348.3127
2256.34305461,30375721.6082
2256.36348643,30384868.9587
2256.38391836,30383157.1005
2256.40435008,30388613.6007
2256.4247819,30390094.553
2256.44521382,30393412.7292
2256.46564554,30394314.1491
2256.48607736,30398825.733
2256.50650928,30401363.3761
2256.526941,30400604.3818
2256.54737281,30398668.8524
2256.56780473,30396461.0922
2256.58823645,30398287.5813
2256.60866827,30402056.6298
2256.62910019,30405555.3586
2256.649532,30407477.3341
2256.66996372,30408033.2885
2256.69039564,30407137.0252
2256.71082745,30409687.8829
2256.73125917,30409920.3234
2256.75169108,30407618.4471
2256.7721229,30405112.7762
2256.79255461,30402487.265
2256.81298653,30399071.3114
2256.83341834,30394345.4734
2256.85385025,30386879.2939
2256.87428197,30382527.4841
2256.89471378,30378981.0765
2256.91514569,30401857.2294
2256.9355774,30367119.5927
2256.95600921,30370073.0826
2256.97644113,30366117.817
2256.99687284,30369954.86
2257.01730465,30371850.7953
2257.03773646,30373247.4907
2257.05816827,30372741.693
2257.07860008,30375283.721
2257.09903189,30382160.853
2257.11946369,30382928.5498
2257.1398955,30385148.8123
2257.16032741,30383668.2802
2257.18075912,30385904.6683
2257.20119093,30392244.2629
2257.22162283,30395738.1368
2257.24205454,30396096.2033
2257.26248635,30397733.8066
2257.28291825,30397835.2976
2257.30334996,30400643.3212
2257.32378186,30403677.1682
2257.34421367,30403397.154
2257.36464537,30405894.2169
2257.38507728,30408489.229
2257.40550908,30407821.1144
2257.42594079,30407476.3964
2257.44637269,30406150.1437
2257.46680449,30400179.3812
2257.48723629,30396358.692
2257.5076681,30394422.6946
2257.5280999,30393369.9901
2257.5485317,30395782.5461
2257.5689636,30395336.9856
2257.5893953,30389834.8194
2257.6098271,30380713.6183
2257.630259,30379820.5368
2257.6506907,30387197.3927
2257.6711225,30357048.6252
2257.6915544,30370421.5095
2257.7119861,30366559.1472
2257.7324179,30368920.4873
2257.7528497,30371143.3383
2257.77328149,30368130.7229
2257.79371339,30369551.2016
2257.81414509,30373327.522
2257.83457689,30374834.8001
2257.85500878,30374492.1278
2257.87544048,30379162.2015
2257.89587228,30385432.0689
2257.91630417,30390850.8443
2257.93673587,30394869.5306
2257.95716766,30395376.7666
2257.97759955,30394078.3589
2257.99803135,30384428.2448
2258.01846304,30384137.4198
2258.03889494,30386936.9996
2258.05932673,30389974.0216
2258.07975842,30394312.6422
2258.10019031,30402539.0081
2258.12062211,30401642.4149
2258.1410538,30027555.1584
2258.16148569,
2258.18191748,30408423.7029
2258.20234917,30406621.0125
2258.22278106,30409433.7017
2258.24321285,30411817.7671
2258.26364474,30411763.9046
2258.28407643,30410307.5569
2258.30450822,30404906.8163
2258.32494011,30397402.6095
2258.3453718,30392840.7406
2258.36580359,30388194.0477
2258.38623547,30385163.3926
2258.40666726,30377646.8761
2258.42709895,30371251.4779
2258.44753084,30376146.4529
2258.46796262,30374348.0432
2258.48839431,30374174.8627
2258.50882619,30375852.1514
2258.52925788,30377194.1427
2258.54968966,30379452.2929
2258.57012155,30380374.1577
2258.59055323,30380412.1584
2258.61098502,30381803.2088
2258.6314169,30380441.0488
2258.65184858,30385028.4566
2258.67228037,30385589.6679
2258.69271225,30395227.0338
2258.71314393,30392408.5762
2258.73357582,30392815.9147
2258.7540076,30389098.1963
2258.77443928,30391870.474
2258.79487116,30391497.088
2258.81530294,30390132.6596
2258.83573472,30382054.8569
2258.8561665,30383220.0571
2258.87659828,30398587.3742
2258.89703006,30386846.1927
2258.91746184,30381210.8675
2258.93789362,30385561.5654
2258.9583254,30412489.5223
2258.97875728,30389122.6485
2258.99918895,30386993.1856
2259.01962073,30391079.3009
2259.04005261,30398428.028
2259.06048429,30397124.6483
2259.08091606,30395797.522
2259.10134794,30392458.9157
2259.12177961,30394814.3028
2259.14221139,30393590.1316
2259.16264327,30390334.1974
2259.18307494,30394921.9018
2259.20350681,30394797.993
2259.22393859,30394860.0062
2259.24437026,30395253.579
2259.26480214,30396654.0294
2259.28523381,30398272.4894
2259.30566558,30397470.1588
2259.32609746,30397515.8376
2259.34652923,30395163.6
2259.3669609,30392132.6043
2259.38739277,30390142.8728
2259.40782454,30385359.1951
2259.42825622,30382307.5173
2259.44868809,30370471.7363
2259.46911986,30366975.2582
2259.48955153,30365798.102
2259.5099834,30366730.0755
2259.53041517,30369633.6849
2259.55084684,30369491.8329
2259.5712787,30370162.4686
2259.59171047,30367114.5866
2259.61214234,30330918.1709
2259.63257401,30330603.0864
2259.65300578,30375002.4144
2259.67343764,30377937.2978
2259.69386931,30381102.6066
2259.71430108,30382568.0679
2259.73473294,30390944.2244
2259.75516461,30395669.3673
2259.77559638,30403435.1659
2259.79602824,30404880.1933
2259.81646001,30406486.5863
2259.83689167,30409692.8233
2259.85732354,30411128.2889
2259.8777553,30411672.1472
2259.89818696,30413238.1778
2259.91861883,30414631.5537
2259.93905059,30412944.3125
2259.95948225,30416102.8548
2259.97991412,30417990.8232
2260.00034578,30418102.6381
2260.02077754,30422950.7544
2260.0412094,30412244.2301
2260.06164106,30409774.7062
2260.08207292,30405634.0551
2260.10250469,30402074.793
2260.12293635,
2260.14336821,30387035.1768
2260.16379997,30384770.3716
2260.18423173,30384516.1653
2260.20466348,30383147.026
2260.22509524,30379914.5111
2260.245527,30382386.0707
2260.26595876,30384085.7808
2260.28639052,30385905.8198
2260.30682228,30389054.0725
2260.32725413,30393193.3722
2260.34768579,30394011.853
2260.36811755,30396262.5745
2260.3885494,30399442.9236
2260.40898106,30401495.2707
2260.42941281,30404251.593
2260.44984467,30406130.4948
2260.47027633,30410244.392
2260.49070808,30412964.9691
2260.51113993,30413961.1937
2260.53157159,30416204.482
2260.55200344,30418719.6765
2260.5724352,30421010.8368
2260.59286685,30425805.62
2260.6132987,30430857.242
2260.63373046,30430179.102
2260.65416221,30433218.9013
2260.67459396,30430890.3115
2260.69502571,30429162.3234
2260.71545746,30431392.0532
2260.73588921,30426903.7677
2260.75632097,30420904.3455
2260.77675262,30418984.3408
2260.79718447,30423209.9932
2260.81761622,30420096.4854
2260.83804787,30383936.3527
2260.85847972,30389860.7946
2260.87891146,30400230.3532
2260.89934311,30398884.2499
2260.91977496,30395894.2847
2260.94020671,30394153.3479
2260.96063836,30389729.5177
2260.98107021,30387911.9548
2261.00150195,30391759.682
2261.0219338,30393641.8052
2261.04236545,30391555.3346
2261.06279719,30390521.3848
2261.08322904,30392434.2619
2261.10366068,30391555.0712
2261.12409243,30395214.2335
2261.14452427,30396368.0137
2261.16495602,30398677.6463
2261.18538766,30399503.5391
2261.20581951,30401092.108
2261.22625125,30404967.575
2261.2466829,30411938.5387
2261.26711474,30415703.1325
2261.28754648,30417755.9733
2261.30797813,30422304.7067
2261.32840997,30423596.2486
2261.34884171,30425751.4049
2261.36927335,30430100.4546
2261.38970519,30430845.6629
2261.41013683,30433433.5472
2261.43056868,30434288.8784
2261.45100042,30434228.0546
2261.47143206,30436814.7614
2261.4918639,30434797.0964
2261.51229564,30429829.1837
2261.53272738,30430806.7538
2261.55315912,30430881.2868
2261.57359085,30432314.0963
2261.59402259,30423197.9789
2261.61445433,30413636.2522
2261.63488607,30411441.8519
2261.65531781,30411627.8437
2261.67574964,30415362.1435
2261.69618128,30417821.2668
2261.71661302,30419546.9078
2261.73704486,30414618.1109
2261.75747649,30413514.3668
2261.77790823,30401457.3697
2261.79834006,30409887.7434
2261.8187717,30401727.156
2261.83920353,30400298.6118
2261.85963527,30398965.1043
2261.8800669,30402120.4658
2261.90049874,30403999.4023
2261.92093047,30405580.0605
2261.94136211,30402249.5743
2261.96179394,30400385.2538
2261.98222567,30398342.4502
2262.0026574,30404267.3306
2262.02308914,30408278.1653
2262.04352087,30408515.4033
2262.0639526,30410562.2931
2262.08438433,
2262.10481606,30419630.3087
2262.1252478,30412613.8819
2262.14567953,30415110.2658
2262.16611126,30418942.64
2262.18654289,30418764.7267
2262.20697472,30421452.7193
2262.22740645,30422645.2414
2262.24783828,30425955.7352
2262.2682699,30425077.0836
2262.28870163,30420339.8596
2262.30913346,30428120.2064
2262.32956509,30429851.6027
2262.34999682,30428538.718
2262.37042865,30429142.9461
2262.39086027,30431620.0007
2262.411292,30430235.2148
2262.43172383,30428114.0774
2262.45215545,30424682.1453
2262.47258718,30422247.9996
2262.49301901,30417278.2458
2262.51345073,30415187.9733
2262.53388236,30415415.8753
2262.55431418,30419422.5942
2262.57474591,30415903.4861
2262.59517753,30413471.3436
2262.61560936,30412260.5328
2262.63604108,30410615.62
2262.6564728,30407147.3372
2262.67690453,30407192.7434
2262.69733625,30406387.7572
2262.71776807,30409434.3499
2262.7381997,30410187.009
2262.75863142,30410241.8675
2262.77906314,30414564.341
2262.79949486,30416363.2497
2262.81992658,30416889.2615
2262.8403583,30415594.8688
2262.86079003,30419956.8161
2262.88122175,30421264.4287
2262.90165347,30423701.3718
2262.92208519,30426879.5042
2262.94251691,30427478.0977
2262.96294863,30429197.312
2262.98338034,30430823.8203
2263.00381206,30432522.6115
2263.02424378,30438223.1752
2263.0446755,30441320.2294
2263.06510732,30442868.1192
2263.08553904,30439974.8115
2263.10597065,30443195.1394
2263.12640247,30444873.3719
2263.14683419,30449079.4123
2263.16726581,30450768.4708
2263.18769762,30452056.324
2263.20812934,30453060.2611
2263.22856095,30453412.1242
2263.24899277,30453372.3407
2263.26942449,30452300.065
2263.2898561,30456085.2934
2263.31028792,30448891.8968
2263.33071963,30445332.0025
2263.35115134,30444174.2377
2263.37158306,30441481.6311
2263.39201477,30440531.1145
2263.41244649,30437031.4646
2263.4328782,30437838.3215
2263.45330991,30435724.2656
2263.47374172,30431929.5818
2263.49417334,30429370.2601
2263.51460505,30425342.6219
2263.53503686,30423607.6372
2263.55546857,30421659.5286
2263.57590018,30419576.5685
2263.59633199,30412016.0174
2263.61676361,30415794.2058
2263.63719532,30415860.6637
2263.65762713,30416358.0348
2263.67805874,30416149.836
2263.69849045,30414571.8286
2263.71892226,30417217.599
2263.73935386,30417060.8569
2263.75978557,30421870.6916
2263.78021738,30427411.6795
2263.80064899,30423944.8242
2263.8210808,30426249.8457
2263.84151251,30426311.9311
2263.86194411,30425646.9727
2263.88237592,30425915.6906
2263.90280763,30428976.7421
2263.92323933,30432092.648
2263.94367104,30428941.9069
2263.96410275,30430536.4991
2263.98453445,30432923.1297
2264.00496626,30431878.922
2264.02539786,30432693.9986
2264.04582957,
2264.06626137,30429225.9969
2264.08669298,30422179.2964
2264.10712468,30421855.0852
2264.12755649,30419991.7276
2264.14798809,30420277.7113
2264.1684198,30419429.61
2264.1888516,30416471.6331
2264.2092832,30417426.7932
2264.229715,30417538.6343
2264.25014671,30415671.9189
2264.27057831,30415236.3094
2264.29101011,30415236.2056
2264.31144171,30411685.8696
2264.33187342,30415584.8988
2264.35230522,30416119.0978
2264.37273682,30416181.2584
2264.39316852,30418261.6381
2264.41360032,30417820.0292
2264.43403202,30419640.5199
2264.45446362,30420033.9738
2264.47489542,30417610.1394
2264.49532712,30418323.9366
2264.51575872,30417864.1781
2264.53619052,30417283.1532
2264.55662221,30416448.8725
2264.57705381,30417861.4587
2264.59748561,30422660.4763
2264.61791731,30427641.8408
2264.63834911,30426542.8223
2264.6587807,30429181.0397
2264.6792124,30429242.4368
2264.6996442,30430193.2538
2264.72007579,30433032.2611
2264.74050749,30433188.381
2264.76093929,30432017.7168
2264.78137088,30432308.1737
2264.80180258,30432071.6511
2264.82223437,30431231.6913
2264.84266607,30427477.7201
2264.86309766,30428462.2754
2264.88352946,30428189.2872
2264.90396115,30428075.1039
2264.92439275,30429559.9658
2264.94482454,30427585.397
2264.96525623,30422965.8122
2264.98568793,30422581.3226
2265.00611962,30425659.0435
2265.02655121,30425418.995
2265.04698301,30426442.5745
2265.0674147,30428558.6493
2265.08784629,30424671.8877
2265.10827808,30425355.5655
2265.12870977,30424970.8888
2265.14914137,30426413.1972
2265.16957316,30425260.5908
2265.19000485,30429826.435
2265.21043644,30427808.4702
2265.23086823,30424872.1726
2265.25129992,
2265.27173161,30428356.8541
2265.2921633,30429080.1137
2265.31259499,30430177.0566
2265.33302668,30426701.1335
2265.35345836,30424090.0041
2265.37389005,30427834.0789
2265.39432184,30430757.3335
2265.41475353,30434199.4963
2265.43518512,30432952.1865
2265.45561691,30427733.4924
2265.47604859,30426729.6818
2265.49648018,30433644.8769
2265.51691197,30435900.312
2265.53734365,30437520.8054
2265.55777524,30437801.7097
2265.57820703,30440171.2721
2265.59863871,30439456.4836
2265.6190703,30440032.4418
2265.63950208,30440871.9045
2265.65993377,30443586.7203
2265.68036545,30442095.0053
2265.70079714,30444622.3403
2265.72122882,30448569.7305
2265.74166051,30449963.0851
2265.76209219,30450509.0934
2265.78252387,30450834.3507
2265.80295556,30450793.4357
2265.82338724,30449689.477
2265.84381892,30447579.5813
2265.86425061,30446167.177
2265.88468229,30443203.8512
2265.90511397,30443552.1608
2265.92554575,30439823.0696
2265.94597733,30438023.8698
2265.96640902,30436947.3261
2265.9868408,30434922.4459
2266.00727238,
2266.02770406,30455651.1104
2266.04813584,30436159.4791
2266.06856742,30438554.5395
2266.0889991,
2266.10943088,30441889.5019
2266.12986246,30446231.4425
2266.15029424,30449101.4756
2266.17072592,30451928.4175
2266.1911575,30454474.517
2266.21158927,30455203.719
2266.23202095,30455908.2491
2266.25245263,30455345.9332
2266.27288431,30455451.312
2266.29331599,30458745.6407
2266.31374766,30461049.8358
2266.33417934,30462951.8045
2266.35461102,30464883.1988
2266.3750427,30465998.398
2266.39547437,30471622.6217
2266.41590605,30470962.1011
2266.43633772,30471070.1012
2266.4567694,30469619.0705
2266.47720108,30470687.6343
2266.49763275,30467797.3438
2266.51806443,30463847.885
2266.5384961,30462535.5797
2266.55892788,30466855.0978
2266.57935945,30459153.5396
2266.59979112,30458403.7353
2266.6202229,30455341.7294
2266.64065447,30453516.4582
2266.66108615,30452755.9935
2266.68151792,30450761.8859
2266.70194949,30457944.613
2266.72238116,30457862.1836
2266.74281294,30439705.609
2266.76324461,30432775.305
2266.78367618,30429956.8124
2266.80410795,30432839.3152
2266.82453962,30434065.1714
2266.8449712,30454129.5933
2266.86540297,30431580.0391
2266.88583464,30435283.5007
2266.90626641,30439151.646
2266.92669798,30439957.8252
2266.94712965,30438057.1556
2266.96756142,30438666.2962
2266.98799299,30436834.8131
2267.00842466,30437780.9598
2267.02885643,30438495.7907
2267.049288,30438090.2318
2267.06971967,30436226.2627
2267.09015144,30438266.16
2267.110583,30436340.9033
2267.13101467,30438974.3216
2267.15144644,30443559.1917
2267.17187801,30447670.9268
2267.19230968,30451845.8967
2267.21274134,30454774.403
2267.23317301,30458404.3365
2267.25360478,30457714.9759
2267.27403644,30459984.15
2267.29446801,30459984.8938
2267.31489978,30462222.8359
2267.33533144,30467122.7039
2267.35576301,30470077.9931
2267.37619477,30472056.2302
2267.39662644,30471342.4555
2267.417058,30472231.7845
2267.43748977,30470180.9035
2267.45792143,30469402.3626
2267.478353,30469148.6202
2267.49878476,30464554.3895
2267.51921643,30465027.3708
2267.53964799,30465893.9462
2267.56007975,30468177.7576
2267.58051142,30467022.2312
2267.60094318,30463773.2096
2267.62137474,30460754.173
2267.64180641,30461860.2377
2267.66223817,30459578.1883
2267.68266973,30456279.2916
2267.70310139,30455699.8333
2267.72353315,30454441.1774
2267.74396482,30448750.4429
2267.76439638,30445326.369
2267.78482814,30442332.8651
2267.8052598,30443010.057
2267.82569136,30445370.0685
2267.84612312,30449189.856
2267.86655478,30448914.2376
2267.88698634,30445834.9146
2267.9074181,30447478.142
2267.92784966,30443553.3529
2267.94828132,30445224.6669
2267.96871308,
2267.98914464,30453756.6739
2268.0095764,30454348.2442
2268.03000805,30456175.8527
2268.05043961,30459918.3274
2268.07087137,30462340.201
2268.09130303,30467247.6508
2268.11173469,30468986.4173
2268.13216634,30471106.3189
2268.152598,30472012.6838
2268.17302966,30471892.0739
2268.19346132,30477774.7679
2268.21389297,30479146.0996
2268.23432463,30478755.1685
2268.25475628,30477196.9736
2268.27518794,30480094.3347
2268.2956196,30480961.444
2268.31605135,30481503.9131
2268.33648291,30481630.1588
2268.35691466,30480568.7552
2268.37734632,30482535.2781
2268.39777787,30483969.7778
2268.41820963,30483813.585
2268.43864128,30483589.7267
2268.45907283,30484954.2638
2268.47950459,30481714.1639
2268.49993624,30480058.6637
2268.5203678,30477511.9184
2268.54079955,30475827.9152
2268.5612312,30471220.5333
2268.58166286,30470210.855
2268.60209451,30465432.3307
2268.62252616,30461333.8287
2268.64295771,30456387.0365
2268.66338946,30452469.4337
2268.68382112,30450785.6955
2268.70425277,30450210.3243
2268.72468442,30448349.4678
2268.74511607,30450147.3924
2268.76554782,30454260.8092
2268.78597937,30458495.3458
2268.80641102,30463307.8505
2268.82684277,30466894.159
2268.84727432,30471040.6346
2268.86770597,30471950.2532
2268.88813772,30474884.6339
2268.90856927,30480456.0864
2268.92900092,30480086.9432
2268.94943267,30481906.731
2268.96986422,30481926.9784
2268.99029587,30485112.7539
2269.01072762,30489971.8733
2269.03115917,30489425.0264
2269.05159091,30490918.2428
2269.07202256,30493222.5864
2269.09245411,30494542.8292
2269.11288586,30491868.251
2269.1333175,30494623.7853
2269.15374915,30496140.4778
2269.1741808,30494873.8709
2269.19461245,30494989.3313
2269.21504409,30496910.994
2269.23547584,30498303.3885
2269.25590738,30499976.0717
2269.27633903,30499888.1166
2269.29677068,30495827.278
2269.31720232,30495667.8081
2269.33763407,30491459.2206
2269.35806561,30486891.9202
2269.37849726,30487267.499
2269.398929,30485623.5753
2269.41936055,30485216.5004
2269.43979219,30485855.032
2269.46022393,30487395.0564
2269.48065548,30487229.4359
2269.50108712,30487595.4622
2269.52151887,30486560.1433
2269.54195041,30483908.4148
2269.56238205,30482612.2326
2269.5828138,30482957.4243
2269.60324544,30485881.4424
2269.62367698,30483450.6288
2269.64410872,30483766.2359
2269.66454037,30486665.9493
2269.68497201,30484221.411
2269.70540365,30485088.6887
2269.72583529,30482991.5414
2269.74626703,30479670.6246
2269.76669857,30479932.1734
2269.78713021,30476811.2678
2269.80756196,30477471.5294
2269.8279935,30473662.5418
2269.84842514,30474084.9291
2269.86885688,30481114.6846
2269.88928842,30468184.7137
2269.90972006,30460972.2739
2269.9301518,
2269.95058334,30470400.0655
2269.97101498,30470088.2538
2269.99144671,30466520.0619
2270.01187825,30464636.4523
2270.03230999,30466796.9584
2270.05274153,30465603.5509
2270.07317317,30464549.2533
2270.09360491,30466902.0628
2270.11403645,30465087.1833
2270.13446808,30468626.2955
2270.15489982,30466196.1927
2270.17533146,30469734.1211
2270.195763,30470369.1264
2270.21619473,30469377.3946
2270.23662637,30469268.772
2270.25705791,30470261.8588
2270.27748964,30468820.2673
2270.29792128,30469407.6727
2270.31835301,30465182.4146
2270.33878455,30465702.3535
2270.35921619,30465860.0452
2270.37964792,30466374.4428
2270.40007946,30465326.7776
2270.42051109,30465823.8621
2270.44094283,30467934.7363
2270.46137436,30473267.0295
2270.481806,30475700.0693
2270.50223773,30474787.5863
2270.52266927,30473164.3401
2270.5431009,30475687.5268
2270.56353263,30475375.3567
2270.58396427,30474781.602
2270.6043958,30476634.435
2270.62482753,30476238.7025
2270.64525917,30478447.1588
2270.6656908,30476436.3876
2270.68612243,30478793.0696
2270.70655407,30483906.6109
2270.7269857,30485962.9149
2270.74741733,30486460.5338
2270.76784896,30485315.983
2270.78828059,30489611.8872
2270.80871223,30489937.9393
2270.82914376,30487633.3865
2270.84957549,30491758.0003
2270.87000712,30492547.9175
2270.89043865,30487740.537
2270.91087038,30485974.0801
2270.93130201,30484245.005
2270.95173354,30486250.1052
2270.97216527,30483074.9442
2270.9925969,30477234.2916
2271.01302863,30476466.4124
2271.03346016,30474661.8692
2271.05389179,30471686.0064
2271.07432352,30468400.6228
2271.09475505,30464742.2637
2271.11518668,30465507.4612
2271.13561841,30463724.6544
2271.15605004,30462701.2585
2271.17648157,30462346.5254
2271.1969133,30463527.285
2271.21734492,30465160.2494
2271.23777645,30472432.0897
2271.25820818,30475704.2185
2271.27863981,30478725.8258
2271.29907153,30483135.0949
2271.31950306,30496452.2619
2271.33993469,30502463.9837
2271.36036642,30505666.5396
2271.38079794,30506328.0497
2271.40122957,30505416.68
2271.4216612,30507098.0154
2271.44209282,30504886.2487
2271.46252435,30504392.3759
2271.48295607,30499702.5574
2271.5033877,30501870.1398
2271.52381933,30505221.7827
2271.54425095,30505164.6611
2271.56468258,30502444.3713
2271.5851142,30502238.8371
2271.60554583,30501962.2749
2271.62597745,30500879.1686
2271.64640918,30506840.601
2271.6668408,30495875.7096
2271.68727232,30488251.6049
2271.70770405,30484124.3543
2271.72813567,30478448.7576
2271.7485672,30472433.8284
2271.76899892,30467502.4051
2271.78943054,30466105.0283
2271.80986207,30465193.0994
2271.83029379,30468932.4186
2271.85072541,30459294.9631
2271.87115693,30459536.1371
2271.89158866,
2271.91202028,30460272.1242
2271.932452,30455925.6955
2271.95288352,30455661.9726
2271.97331515,30454486.999
2271.99374687,30457037.9839
2272.01417839,30456143.3714
2272.03461001,30455198.5817
2272.05504173,30456622.9968
2272.07547325,30459435.0756
2272.09590487,30460149.0089
2272.11633649,30461767.0144
2272.13676821,30465445.6735
2272.15719974,30463572.8058
2272.17763146,30463446.8949
2272.19806298,30463783.7031
2272.2184946,30466550.645
2272.23892632,30468040.1832
2272.25935783,30468010.1352
2272.27978955,30469272.7398
2272.30022117,30474147.0373
2272.32065269,30475799.1846
2272.34108441,30477554.3279
2272.36151603,30485156.8075
2272.38194755,30488263.4088
2272.40237927,30488963.3856
2272.42281089,30489123.0456
2272.4432424,30486567.1634
2272.46367412,30487752.4592
2272.48410574,30487833.8671
2272.50453736,30488298.6897
2272.52496898,30489567.4765
2272.54540059,30489222.2541
2272.56583231,30487324.2324
2272.58626383,30492083.1805
2272.60669544,30485773.0071
2272.62712716,30484160.0397
2272.64755878,30478631.955
2272.66799029,30480445.2903
2272.68842201,30484340.7685
2272.70885363,30483787.8415
2272.72928514,30481427.8254
2272.74971686,30479344.6833
2272.77014847,30480697.2342
2272.79057999,30484005.1037
2272.8110117,30483722.3457
2272.83144322,30483159.8804
2272.85187493,30483676.573
2272.87230655,30483500.2481
2272.89273816,30485234.9289
2272.91316978,30488775.8089
2272.93360139,30488937.14
2272.95403291,30489746.8508
2272.97446462,30489446.3516
2272.99489623,30488668.5055
2273.01532775,30490993.7467
2273.03575946,30494207.5049
2273.05619108,30498246.0762
2273.07662269,30500233.8405
2273.0970543,30500604.6932
2273.11748592,30502542.7376
2273.13791753,30503348.7305
2273.15834924,30504442.0245
2273.17878075,30503022.8007
2273.19921247,30501342.4516
2273.21964408,30497796.1624
2273.24007559,30496678.836
2273.2605073,30498607.4192
2273.28093891,30499188.0613
2273.30137043,30494656.089
2273.32180214,30493406.039
2273.34223375,30491209.2573
2273.36266526,30491103.5012
2273.38309697,30492831.9303
2273.40352858,30492705.3335
2273.42396009,30491118.2548
2273.4443918,30487725.7903
2273.46482341,30486815.0951
2273.48525512,30482980.5643
2273.50568663,30481957.1933
2273.52611825,30479299.1013
2273.54654995,30480474.3161
2273.56698146,30483457.1153
2273.58741307,30485668.0062
2273.60784468,30484409.0098
2273.62827629,30489083.6626
2273.6487079,30487794.2158
2273.66913961,30489087.634
2273.68957112,30491122.8921
2273.71000273,30490681.6323
2273.73043444,30496533.439
2273.75086595,30494148.169
2273.77129765,30491762.8261
2273.79172926,30493036.2661
2273.81216077,30488248.6315
2273.83259248,30483495.364
2273.85302409,
2273.87345559,30489056.0616
2273.8938873,30484412.0968
2273.91431891,30487371.3039
2273.93475042,30490264.6774
2273.95518212,30493392.752
2273.97561373,30495123.7571
2273.99604534,30494480.8248
2274.01647694,30490317.4679
2274.03690855,30491801.6016
2274.05734026,30492045.2887
2274.07777176,30489799.3157
2274.09820337,30489081.3827
2274.11863507,30488739.387
2274.13906668,30487353.1549
2274.15949819,30485235.3924
2274.17992989,30483086.1764
2274.2003615,30488523.5998
2274.220793,30487796.1156
2274.24122471,30494093.6219
2274.26165631,30496327.2697
2274.28208782,30497052.6013
2274.30251952,30493973.4508
2274.32295103,30520071.8433
2274.34338273,30544937.2256
2274.36381434,30498996.6102
2274.38424584,30496212.3056
2274.40467754,30495658.5909
2274.42510915,30494297.5122
2274.44554065,30494578.7709
2274.46597236,30492554.0402
2274.48640396,30489635.1646
2274.50683556,30489314.9612
2274.52726717,30489939.692
2274.54769877,30490279.0712
2274.56813037,30489112.7092
2274.58856197,30490739.8873
2274.60899358,30486636.2445
2274.62942528,30490727.2302
2274.64985678,30488861.2459
2274.67028838,30489586.7987
2274.69072009,30490487.0649
2274.71115169,30488080.9303
2274.73158319,30488053.1977
2274.75201489,30490791.1493
2274.77244649,30484631.2854
2274.792878,30487393.6498
2274.8133097,30507199.1763
2274.8337413,30491108.995
2274.8541728,30491597.0241
2274.8746045,30492902.3925
2274.8950361,30494295.4172
2274.9154678,30503089.4295
2274.9358993,30508050.5223
2274.9563309,30511050.5364
2274.9767625,30511296.1858
2274.9971941,30514167.2037
2275.0176256,30518542.4054
2275.0380573,30521024.7636
2275.0584889,30523054.514
2275.0789205,30522405.8484
2275.0993521,30503689.7287
2275.1197837,30504556.0242
2275.1402153,30510372.9785
2275.1606469,30501753.8327
2275.1810785,30500552.2213
2275.2015102,30498453.9108
2275.2219418,30499475.1557
2275.2423733,30498966.2614
2275.262805,30494682.9154
2275.28323659,30497904.732
2275.30366809,30497627.8434
2275.32409979,30495593.9103
2275.34453139,30495942.4812
2275.36496289,30501279.8925
2275.38539458,30500437.9678
2275.40582618,30509722.6288
2275.42625788,30505039.4415
2275.44668938,30506755.4265
2275.46712097,30509695.6797
2275.48755267,30505328.1166
2275.50798417,30497653.8478
2275.52841577,30500578.4417
2275.54884746,30483951.5854
2275.56927896,30492277.5979
2275.58971056,30490384.7954
2275.61014215,30502895.2399
2275.63057375,30502227.0183
2275.65100535,30498621.3132
2275.67143694,30499538.29
2275.69186854,30502520.5445
2275.71230023,30502266.98
2275.73273183,30503929.6737
2275.75316333,30509592.6728
2275.77359502,30518509.4166
2275.79402662,30514187.5943
2275.81445811,
2275.83488981,30511441.6812
2275.8553214,30514461.2303
2275.8757529,30516680.4501
2275.89618459,30521122.9424
2275.91661619,30523107.3606
2275.93704768,30517097.1797
2275.95747938,30516898.9237
2275.97791097,30520443.5277
2275.99834267,30518916.8067
2276.01877416,30518341.804
2276.03920575,30516273.4307
2276.05963745,30541774.3562
2276.08006894,30507354.7463
2276.10050054,30507648.6173
2276.12093223,30507579.7285
2276.14136372,30508514.5716
2276.16179532,30510784.1488
2276.18222701,30504652.1581
2276.2026586,30499558.4325
2276.2230902,30501700.4245
2276.24352179,30506121.7698
2276.26395338,30501536.2743
2276.28438497,30517593.5269
2276.30481657,30511655.6201
2276.32524816,30509065.9913
2276.34567975,30502564.1744
2276.36611134,30503928.2358
2276.38654284,30515651.2387
2276.40697453,30499820.098
2276.42740612,30502254.5123
2276.44783761,30503750.1001
2276.4682693,30505751.8031
2276.48870089,30505154.5217
2276.50913259,30507048.1273
2276.52956408,30511852.1728
2276.54999567,30515711.4772
2276.57042736,30515359.6257
2276.59085885,30523024.1972
2276.61129044,30521254.6734
2276.63172213,30537333.4451
2276.65215362,30537940.9133
2276.67258521,30532550.5719
2276.69301691,30529278.1554
2276.7134485,30527114.9023
2276.73387999,30523934.6471
2276.75431168,30525199.5137
2276.77474327,30527747.0355
2276.79517486,30529961.2269
2276.81560645,30523258.7147
2276.83603804,30526383.044
2276.85646973,30527915.2587
2276.87690122,30528283.7492
2276.89733281,30536344.0657
2276.91776449,30547442.6
2276.93819598,30537425.4993
2276.95862757,30524936.7561
2276.97905926,30524593.1501
2276.99949075,30520108.6854
2277.01992244,30513891.3479
2277.04035403,30506536.0425
2277.06078552,30510452.9327
2277.08121721,30509285.1394
2277.10164869,30507446.9483
2277.12208028,30512670.8416
2277.14251197,30514594.204
2277.16294346,30522349.3038
2277.18337505,30530439.8113
2277.20380674,30524668.7323
2277.22423832,30527765.9218
2277.24466981,30523789.4787
2277.2651015,30512461.3896
2277.28553309,30521600.8678
2277.30596467,30524175.6263
2277.32639626,30526789.1528
2277.34682785,30533995.5308
2277.36725954,30534785.7347
2277.38769102,30550287.0515
2277.40812261,30544041.3054
2277.4285543,30537497.142
2277.44898578,30532463.5423
2277.46941737,30533681.1844
2277.48984906,30526398.0087
2277.51028054,30508514.1066
2277.53071223,30504813.5631
2277.55114382,30523846.1587
2277.5715753,30526757.6071
2277.59200699,30528510.213
2277.61243858,30529630.8263
2277.63287006,30531144.6947
2277.65330175,30524074.3322
2277.67373333,30523791.0059
2277.69416492,30522531.6895
2277.7145965,30520937.6801
2277.73502809,30529555.9824
2277.75545968,30527387.9653
2277.77589126,
2277.79632285,30521703.2124
2277.81675443,30511722.1917
2277.83718602,30512716.8462
2277.8576176,30502895.1791
2277.87804919,30505237.8685
2277.89848077,30503726.2818
2277.91891236,30501974.8404
2277.93934404,30507625.5074
2277.95977552,30513741.428
2277.98020711,30514158.2503
2278.00063879,30528255.6551
2278.02107028,30541734.1903
2278.04150196,30528114.1528
2278.06193355,30526064.0884
2278.08236503,30526121.0836
2278.10279671,30527446.0182
2278.1232283,30524058.3864
2278.14365978,30523128.8747
2278.16409146,30527849.7802
2278.18452305,30530687.8989
2278.20495463,30529079.2521
2278.22538621,30532737.3934
2278.2458178,30542013.8913
2278.26624948,30538612.3394
2278.28668096,30541319.9788
2278.30711255,30561865.3252
2278.32754423,30555735.606
2278.34797571,30550345.2365
2278.3684073,30553970.3388
2278.38883898,30550443.8353
2278.40927056,30541866.8029
2278.42970204,30544584.898
2278.45013373,30533102.6131
2278.47056521,30532934.5307
2278.49099689,30523772.8609
2278.51142847,30524428.5885
2278.53185995,30525372.6053
2278.55229164,30520151.7564
2278.57272322,30524700.313
2278.5931547,30521989.4542
2278.61358638,30527546.4523
2278.63401796,30523569.0551
2278.65444944,30523671.9261
2278.67488113,30528556.0284
2278.69531271,30528947.2164
2278.71574419,30532049.3806
2278.73617587,30551111.7504
2278.75660745,30515497.7406
2278.77703913,30510728.6511
2278.79747061,30512243.4012
2278.81790219,30509229.3002
2278.83833388,30517596.8682
2278.85876546,30521711.9452
2278.87919694,30524590.2689
2278.89962862,30531312.4322
2278.9200602,30530623.9682
2278.94049168,30542171.6437
2278.96092336,30539237.0463
2278.98135494,30532841.8652
2279.00178662,30531669.9018
2279.0222181,30528059.5451
2279.04264968,30529219.2146
2279.06308136,30548248.9862
2279.08351284,30535518.2977
2279.10394442,30527622.7073
2279.124376,30526240.2029
2279.14480758,30529732.9128
2279.16523906,30540728.1245
2279.18567074,30538454.5859
2279.20610232,30539837.6082
2279.226534,30543846.2079
2279.24696548,30558702.6325
2279.26739706,30541884.4849
2279.28782873,30535386.4542
2279.30826021,30536208.1352
2279.32869179,30533577.4555
2279.34912347,30525676.3242
2279.36955495,30521951.0399
2279.38998653,30521973.5459
2279.41041821,30525356.5371
2279.43084979,30523710.497
2279.45128137,30524840.2881
2279.47171294,30527540.8371
2279.49214452,30540326.2505
2279.5125761,30516897.2283
2279.53300768,30518634.5659
2279.55343926,30519420.5613
2279.57387094,30530593.945
2279.59430241,30527586.5793
2279.61473399,30529751.2454
2279.63516567,30547541.5909
2279.65559715,30540458.9795
2279.67602873,30534122.9767
2279.6964604,30532842.2939
2279.71689188,30533943.7461
2279.73732356,
2279.75775514,30527320.5191
2279.77818661,30527986.5554
2279.79861829,30530921.1223
2279.81904977,30544726.4954
2279.83948135,30538256.2565
2279.85991302,30538450.8779
2279.8803445,30540071.4483
2279.90077608,30543818.2296
2279.92120775,30544595.561
2279.94163933,30550236.1004
2279.96207091,30551486.3313
2279.98250248,30553745.725
2280.00293406,30545089.9531
2280.02336564,30553167.2504
2280.04379722,30556234.8436
2280.06422879,30547858.9072
2280.08466047,30543897.3323
2280.10509194,30544419.7209
2280.12552352,30545086.0503
2280.1459552,30538119.9773
2280.16638667,30539604.802
2280.18681835,30541311.5478
2280.20724993,30538379.1006
2280.2276814,30539548.2601
2280.24811308,30543240.2257
2280.26854465,30551078.0575
2280.28897613,30543111.6732
2280.30940781,30548477.486
2280.32983938,30560557.654
2280.35027086,30544367.2432
2280.37070253,30537742.3718
2280.39113411,30535359.1637
2280.41156568,30538273.8093
2280.43199726,30527774.1569
2280.45242883,30527204.7537
2280.47286051,30522621.2707
2280.49329199,30530610.3928
2280.51372356,30534287.3142
2280.53415514,30536768.0714
2280.55458671,30546193.7355
2280.57501829,30548012.2779
2280.59544986,30544241.4868
2280.61588144,30551497.6487
2280.63631311,30560793.5577
2280.65674469,30547600.1822
2280.67717616,30542977.5026
2280.69760784,30565577.2393
2280.71803941,30542522.3135
2280.73847088,30547204.7781
2280.75890256,30547059.39
2280.77933413,30555655.7172
2280.79976561,30551989.4401
2280.82019728,30559375.5642
2280.84062886,30565018.7334
2280.86106033,30555959.5474
2280.88149201,30567344.5519
2280.90192358,30552456.4261
2280.92235525,30552353.5663
2280.94278673,30499294.207
2280.9632183,30546477.3229
2280.98364998,30551039.3083
2281.00408145,30546640.1373
2281.02451302,30548572.7162
2281.0449447,30548891.1711
2281.06537627,30551014.6484
2281.08580774,30546853.7528
2281.10623942,30547859.0346
2281.12667099,30539685.2839
2281.14710257,30525670.8179
2281.16753414,30521791.1554
2281.18796571,30511327.8134
2281.20839729,30511846.9491
2281.22882886,30521935.8001
2281.24926033,30531204.6929
2281.26969201,30530815.7512
2281.29012358,30533690.6305
2281.31055505,30533458.1177
2281.33098673,30545651.84
2281.3514183,30546445.6251
2281.37184997,30539398.717
2281.39228144,30543188.3368
2281.41271302,30545647.7435
2281.43314469,30545918.0569
2281.45357616,30544079.7374
2281.47400774,30537450.9769
2281.49443941,30544713.8688
2281.51487088,30548982.8516
2281.53530245,30553245.2277
2281.55573413,30552864.785
2281.5761657,30553677.146
2281.59659727,30546790.4497
2281.61702884,30540870.1129
2281.63746042,30543221.6821
2281.65789199,30541993.2369
2281.67832356,29937258.7284
2281.69875513,
2281.71918681,30546541.804
2281.73961828,30544951.5834
2281.76004985,30547154.4482
2281.78048152,30548274.4488
2281.80091299,30541994.2723
2281.82134467,30542090.4352
2281.84177624,30542551.0071
2281.86220771,30541399.7573
2281.88263938,30544113.7062
2281.90307085,30546646.7486
2281.92350243,30566432.065
2281.9439341,30549707.2235
2281.96436557,30535261.2719
2281.98479714,30533110.7227
2282.00522881,30538923.0551
2282.02566028,30538265.1814
2282.04609196,30536306.2354
2282.06652353,30539422.0469
2282.0869551,30564214.398
2282.10738667,30542847.4144
2282.12781824,30548962.4669
2282.14824981,30549803.2335
2282.16868138,30552966.8017
2282.18911296,30583680.885
2282.20954455,
2282.22997614,
2282.25040773,
2282.27083932,
2282.29127091,30548609.3065
2282.31170238,30541745.1725
2282.33213405,30542161.2991
2282.35256563,30545301.2168
2282.3729971,30545653.9809
2282.39342877,30547538.2933
2282.41386034,30553861.4212
2282.43429181,30548690.8772
2282.45472348,30548594.7683
2282.47515505,30561111.3189
2282.49558672,30557390.3343
2282.51601819,30560357.4621
2282.53644976,30571486.3108
2282.55688133,30566270.9915
2282.5773129,30570617.1581
2282.59774438,30576549.9435
2282.61817605,30573782.4324
2282.63860762,30574214.1888
2282.65903919,30566870.7352
2282.67947076,30543576.0907
2282.69990233,30557208.2502
2282.720334,30560578.6613
2282.74076547,30549826.6193
2282.76119704,30546129.7116
2282.78162871,30557157.0405
2282.80206028,30560695.323
2282.82249175,30558031.1856
2282.84292342,30564642.6821
2282.86335499,30584361.9838
2282.88378646,30564627.1233
2282.90421813,30574614.2499
2282.9246497,30566559.9734
2282.94508137,30554350.9041
2282.96551284,30554432.1723
2282.98594441,30544698.3718
2283.00637608,30545005.349
2283.02680755,30550373.9999
2283.04723912,30542917.6329
2283.06767079,30548312.7542
2283.08810226,30556328.5162
2283.10853393,30553655.6191
2283.1289655,30555295.8777
2283.14939697,30561977.0285
2283.16982864,30566625.5959
2283.19026011,30551298.3986
2283.21069168,30560275.4911
2283.23112335,30557277.4979
2283.25155492,30564834.0317
2283.27198639,30575058.5001
2283.29241806,30567938.3993
2283.31284963,30569385.1353
2283.3332812,30575049.4663
2283.35371277,30573764.8812
2283.37414434,30567920.3129
2283.39457591,30565471.5155
2283.41500748,30561812.7037
2283.43543905,30566740.8513
2283.45587072,30569753.5568
2283.47630219,30566635.3994
2283.49673376,30579063.9478
2283.51716542,30569717.3729
2283.53759689,30564401.6428
2283.55802856,30556615.5116
2283.57846013,30550960.7193
2283.5988916,30549479.0629
2283.61932327,30549181.7316
2283.63975484,30466498.1875
2283.66018631,
2283.68061798,30528032.9938
2283.70104955,30545453.3696
2283.72148102,30552245.0185
2283.74191269,30560853.4812
2283.76234426,30568541.6595
2283.78277593,30571459.2225
2283.8032074,30568127.1252
2283.82363896,30564056.6155
2283.84407063,30560756.768
2283.8645021,30564694.6661
2283.88493367,30560629.3198
2283.90536534,30564693.3269
2283.92579681,30559306.0601
2283.94622838,30553121.0447
2283.96666005,30553373.6656
2283.98709152,30562559.5792
2284.00752319,30565115.2801
2284.02795476,30564492.7668
2284.04838622,30569155.7103
2284.06881789,30569439.3472
2284.08924946,30570025.9196
2284.10968093,30571383.404
2284.1301126,30561723.2694
2284.15054417,30570518.5792
2284.17097564,30569657.6753
2284.19140731,30572594.9562
2284.21183888,30573603.7248
2284.23227054,30570304.3551
2284.25270201,30567231.9664
2284.27313358,30572277.3266
2284.29356525,30579351.402
2284.31399672,30564066.146
2284.33442829,30567344.0217
2284.35485996,30568718.033
2284.37529143,30567058.1168
2284.395723,30579986.2051
2284.41615466,30555692.8453
2284.43658623,30560103.3419
2284.4570178,30568687.7394
2284.47744937,30568089.0281
2284.49788094,30570843.7441
2284.51831251,30576762.7882
2284.53874408,30584687.1037
2284.55917565,30591340.8945
2284.57960721,30580794.7996
2284.60003878,30574957.3987
2284.62047035,30566025.9951
2284.64090192,30547888.8087
2284.66133349,30563149.4459
2284.68176516,30563888.9229
2284.70219663,30564679.4533
2284.7226282,30556437.8275
2284.74305986,30556723.5124
2284.76349133,30563540.2554
2284.7839229,30561243.9187
2284.80435457,30567572.2605
2284.82478604,30575574.7017
2284.84521771,30575420.7475
2284.86564928,30593195.1542
2284.88608074,30582540.2572
2284.90651241,30569620.3712
2284.92694398,30577837.0749
2284.94737555,30578259.4194
2284.96780712,30579140.7775
2284.98823869,30583187.8262
2285.00867026,30590627.7177
2285.02910182,30581539.5687
2285.04953339,30584004.1639
2285.06996506,30570213.8426
2285.09039653,30568332.9721
2285.1108281,30532798.6425
2285.13125977,30558358.0564
2285.15169134,30569417.0852
2285.1721228,30569803.3902
2285.19255447,30565611.5752
2285.21298604,30565163.8674
2285.23341751,30566334.9068
2285.25384918,30568153.6571
2285.27428075,30569751.109
2285.29471232,30568901.4936
2285.31514389,30568971.9012
2285.33557535,30571988.921
2285.35600702,30559651.1381
2285.37643859,30538703.1985
2285.39687006,30568227.3659
2285.41730173,30560028.4229
2285.4377333,30552509.1943
2285.45816497,30558221.973
2285.47859643,30551504.1305
2285.499028,30547382.1591
2285.51945967,30552384.3181
2285.53989114,30551008.0525
2285.56032271,30562918.1445
2285.58075438,30565444.3739
2285.60118595,30569592.5398
2285.62161741,
2285.64204908,30555739.752
2285.66248065,30555040.1592
2285.68291222,30560589.4184
2285.70334379,30560420.9534
2285.72377536,30569782.3553
2285.74420703,30573848.3909
2285.7646385,30567535.9186
2285.78507006,30569862.6994
2285.80550173,30574686.7
2285.8259332,30573470.1149
2285.84636477,30575049.175
2285.86679644,30568774.9029
2285.88722791,30568776.1497
2285.90765958,30595472.8326
2285.92809115,30559808.7992
2285.94852261,30555732.6108
2285.96895428,30560747.5971
2285.98938575,30553858.0681
2286.00981732,30557244.8801
2286.03024899,30562750.6718
2286.05068046,30566271.143
2286.07111203,30568135.2349
2286.0915437,30560064.4606
2286.11197517,30562835.6593
2286.13240683,30563882.3797
2286.1528384,30568670.0802
2286.17326997,30569410.8353
2286.19370154,30583170.462
2286.21413311,30565788.7956
2286.23456468,30561462.7689
2286.25499625,30566232.7896
2286.27542782,30561703.1472
2286.29585949,30554354.7947
2286.31629105,30566013.3517
2286.33672252,30569477.3796
2286.35715419,30566256.5167
2286.37758576,30567398.9016
2286.39801723,30567083.4453
2286.4184489,30572158.0827
2286.43888047,30575281.3016
2286.45931194,30573464.1926
2286.47974361,30574785.8327
2286.50017518,30570964.5458
2286.52060685,30564405.2142
2286.54103831,30562042.4488
2286.56146988,30558325.788
2286.58190145,30509641.9555
2286.60233302,30550535.8618
2286.62276449,30564623.2837
2286.64319616,30568842.8056
2286.66362773,30569976.8656
2286.6840593,30567526.7451
2286.70449087,30577660.8296
2286.72492244,30574734.4783
2286.74535411,30578300.2894
2286.76578558,30584799.3961
2286.78621715,30579891.0938
2286.80664882,30572829.512
2286.82708039,30570947.346
2286.84751185,30549887.5394
2286.86794352,30566717.0173
2286.88837509,30574232.6661
2286.90880656,30578525.1345
2286.92923823,30582583.9589
2286.9496698,30559256.7143
2286.97010147,30559503.9253
2286.99053294,30562459.904
2287.01096451,30560546.5601
2287.03139618,30567392.1199
2287.05182765,30572577.7496
2287.07225922,30564503.6391
2287.09269089,30550270.7857
2287.11312236,30567538.1193
2287.13355403,30565613.5903
2287.1539856,30564144.7279
2287.17441707,30558172.4659
2287.19484874,30561046.3258
2287.21528031,30563845.4071
2287.23571178,30561951.8818
2287.25614345,30566480.6252
2287.27657502,30579178.3007
2287.29700659,30575889.0586
2287.31743816,30596898.5862
2287.33786973,30565878.1189
2287.3583013,30564905.755
2287.37873287,30574797.8321
2287.39916444,30575177.7492
2287.41959601,30569613.5104
2287.44002758,30570951.7223
2287.46045915,30565200.432
2287.48089082,30556542.2909
2287.50132229,30568393.3637
2287.52175386,30278487.9847
2287.54218553,29189505.0763
2287.562617,27817433.8797
2287.58304867,
2287.60348024,30569982.106
2287.62391171,30561473.2235
2287.64434338,30559359.9436
2287.66477495,30563297.504
2287.68520642,30566335.5098
2287.70563809,30570763.2842
2287.72606966,30571889.2125
2287.74650113,30572138.8115
2287.7669328,30598310.2603
2287.78736438,30573132.2161
2287.80779605,30568136.8177
2287.82822752,30566118.8998
2287.84865909,30563189.139
2287.86909076,30562676.6635
2287.88952223,30556531.2496
2287.9099538,30561543.6575
2287.93038547,30564624.7266
2287.95081704,30564229.4448
2287.97124861,30565869.8601
2287.99168018,30577121.9134
2288.01211165,30578535.9847
2288.03254333,30575774.0123
2288.0529749,30571360.1024
2288.07340637,30593967.5648
2288.09383804,30578447.0345
2288.11426961,30573478.244
2288.13470108,30569949.3047
2288.15513275,30577342.4502
2288.17556432,30574109.492
2288.195996,30572196.1873
2288.21642747,30578879.0847
2288.23685904,30581106.5827
2288.25729071,30585489.7903
2288.27772218,30581887.8863
2288.29815375,30576872.1932
2288.31858542,30570744.147
2288.3390169,30575948.4122
2288.35944847,30574611.3021
2288.37988014,30598097.7071
2288.40031161,30568524.0419
2288.42074328,30562523.8944
2288.44117485,30565836.5925
2288.46160643,30565711.9518
2288.482038,30565334.014
2288.50246957,30568917.9754
2288.52290114,30572304.3697
2288.54333271,30580803.6739
2288.56376429,30577451.0836
2288.58419596,30571027.6382
2288.60462743,30576578.6473
2288.625059,30569892.0669
2288.64549058,30576717.8476
2288.66592215,30575436.0706
2288.68635372,30569309.0209
2288.70678539,30570233.4846
2288.72721686,30560754.3567
2288.74764844,30558085.2693
2288.76808011,30564234.5963
2288.78851158,30570000.4736
2288.80894325,30527585.0973
2288.82937483,30543935.1621
2288.8498063,30548720.1078
2288.87023797,30571682.9449
2288.89066955,30573570.676
2288.91110102,30573518.0648
2288.93153269,30584057.7512
2288.95196426,30579129.5062
2288.97239574,30583963.8279
2288.99282741,30586149.4062
2289.01325898,30579608.429
2289.03369066,30566705.79
2289.05412213,30584295.8669
2289.0745537,30581586.2311
2289.09498538,30588479.4702
2289.11541685,30588795.5905
2289.13584842,30595335.8489
2289.1562801,30576993.0488
2289.17671167,30573625.0953
2289.19714324,30573644.7186
2289.21757482,30568803.0862
2289.23800639,30570288.0003
2289.25843796,29773476.697
2289.27886954,28447194.4264
2289.29930111,30175384.2208
2289.31973268,30575154.9915
2289.34016426,30577859.6567
2289.36059573,30586765.3503
2289.38102741,30582256.3458
2289.40145898,30587137.1908
2289.42189065,30589503.1898
2289.44232213,30587455.7412
2289.4627537,30590730.2916
2289.48318538,30576676.3853
2289.50361685,30573098.4735
2289.52404842,30603582.0277
2289.5444801,
2289.56491157,30569414.4916
2289.58534325,30579321.7939
2289.60577482,30578438.3523
2289.6262063,30577801.3379
2289.64663797,30571529.5929
2289.66706955,30566858.539
2289.68750112,30565989.7372
2289.7079327,30563108.9796
2289.72836427,30562897.7354
2289.74879584,30563055.2117
2289.76922742,30569944.7346
2289.78965899,30567701.1818
2289.81009067,30562044.5789
2289.83052225,30566010.4781
2289.85095372,30574392.072
2289.8713854,30583570.6385
2289.89181697,30577614.2594
2289.91224845,30576811.8989
2289.93268012,30578922.165
2289.9531117,30592999.2221
2289.97354317,30600585.0581
2289.99397485,30573489.4559
2290.01440632,30547873.0591
2290.034838,30568205.6877
2290.05526957,30580907.2043
2290.07570105,30573607.326
2290.09613273,30575220.4135
2290.1165643,30570895.2146
2290.13699578,30571322.8104
2290.15742745,30580351.5213
2290.17785903,30570833.5121
2290.19829071,30572199.4406
2290.21872218,30579348.4834
2290.23915376,30573124.1844
2290.25958544,30598855.3073
2290.28001691,30572568.157
2290.30044849,30583762.444
2290.32088017,30573729.5211
2290.34131174,30568930.8234
2290.36174322,30569978.0704
2290.3821749,30566974.115
2290.40260647,30562028.2552
2290.42303805,30567210.1949
2290.44346963,30560373.5326
2290.4639012,30559980.1549
2290.48433288,30568923.5548
2290.50476436,30571102.279
2290.52519593,30569047.8625
2290.54562761,30567371.7008
2290.56605909,30571178.8354
2290.58649067,30577955.6327
2290.60692234,30571907.3877
2290.62735382,30576565.687
2290.6477855,30575092.8939
2290.66821698,30564335.7239
2290.68864855,30564152.9106
2290.70908023,30556305.5618
2290.72951171,30550800.0255
2290.74994329,30572970.1815
2290.77037497,30542688.4744
2290.79080644,30561653.464
2290.81123812,30558254.5164
2290.8316697,30553926.7591
2290.85210128,30562464.9748
2290.87253286,30567031.761
2290.89296443,30572666.5332
2290.91339601,30573629.3254
2290.93382759,30578272.9662
2290.95425917,30583960.6513
2290.97469075,30590382.2533
2290.99512233,30589661.6204
2291.01555391,30580977.8485
2291.03598559,30580674.5311
2291.05641716,30581352.9519
2291.07684864,30591194.0631
2291.09728032,30582047.9441
2291.1177119,30573602.4583
2291.13814338,30573607.2787
2291.15857506,30572923.0931
2291.17900664,30564577.464
2291.19943812,30563063.5885
2291.2198698,30553814.6029
2291.24030138,29874764.1683
2291.26073306,30440339.5633
2291.28116454,
2291.30159612,30577889.8743
2291.3220277,30583746.3218
2291.34245928,30580404.0786
2291.36289086,30589329.8153
2291.38332244,30581973.5393
2291.40375402,30589297.3484
2291.4241857,30595479.8059
2291.44461718,30596163.5626
2291.46504876,30602238.6619
2291.48548044,30600601.544
2291.50591202,
2291.5263435,30596415.5489
2291.54677518,30591691.9581
2291.56720676,30597423.4847
2291.58763824,30595770.4305
2291.60806992,30598201.4704
2291.62850151,30594673.7615
2291.64893319,30594314.781
2291.66936467,30593465.2366
2291.68979625,30594101.5781
2291.71022793,30587032.8726
2291.73065941,30580189.8737
2291.75109099,30581294.4506
2291.77152268,30589144.4606
2291.79195416,30576715.56
2291.81238584,30579172.6499
2291.83281742,30577728.2431
2291.8532489,30582182.8116
2291.87368058,30593118.5578
2291.89411217,30589869.0757
2291.91454365,30592080.8303
2291.93497533,30587445.6071
2291.95540691,30592431.81
2291.9758385,30593828.3879
2291.99627008,30593649.6519
2292.01670166,30586837.7007
2292.03713324,30580788.1758
2292.05756483,30581013.307
2292.07799641,30590119.481
2292.09842799,30589032.4016
2292.11885958,30590722.8154
2292.13929116,30585076.545
2292.15972274,30585961.3056
2292.18015432,30598777.2805
2292.20058601,30587390.8419
2292.22101759,30588318.7604
2292.24144908,30588122.1647
2292.26188076,30582906.732
2292.28231234,30585226.7433
2292.30274383,30584385.9786
2292.32317551,30597619.7462
2292.34360709,30591819.5702
2292.36403858,30594198.5496
2292.38447026,30591912.351
2292.40490185,30592330.8361
2292.42533353,30593746.4697
2292.44576502,30586550.4148
2292.4661966,30580069.5407
2292.48662828,30577995.5209
2292.50705977,30575217.803
2292.52749135,30575629.0832
2292.54792304,30572603.4813
2292.56835452,30577740.8904
2292.58878611,30575941.9159
2292.60921779,30575604.3151
2292.62964928,30581527.4212
2292.65008096,30580119.6809
2292.67051255,30595545.4993
2292.69094403,30579020.5116
2292.71137572,30564975.9096
2292.73180731,30577000.3412
2292.75223879,30573135.407
2292.77267048,30585065.3686
2292.79310206,30572382.151
2292.81353365,30572918.2261
2292.83396524,30570688.8314
2292.85439682,30568023.4453
2292.87482851,30577878.8981
2292.89525999,30575792.0707
2292.91569158,30583325.3005
2292.93612327,30581510.1552
2292.95655475,30582762.3454
2292.97698644,30583340.781
2292.99741803,30574274.4898
2293.01784952,30590596.6761
2293.0382812,30574063.0561
2293.05871279,30577977.7244
2293.07914428,30577394.4169
2293.09957596,30576846.5081
2293.12000755,30585267.4182
2293.14043904,30588132.7057
2293.16087073,30601672.5597
2293.18130231,30585651.4975
2293.201734,30583091.8373
2293.22216549,30597247.8371
2293.24259708,30575391.5456
2293.26302877,30581980.4395
2293.28346025,30572775.5308
2293.30389184,30570639.8009
2293.32432343,30576318.241
2293.34475512,30581118.1175
2293.36518671,30588583.3104
2293.3856183,30586638.7533
2293.40604979,30586581.1435
2293.42648147,30584199.9967
2293.44691306,30581950.1376
2293.46734455,
2293.48777624,30583389.578
2293.50820783,30592893.0276
2293.52863932,30585465.1851
2293.54907101,30587037.0792
2293.5695026,30584686.2647
2293.58993429,30586258.9218
2293.61036578,30587092.0703
2293.63079737,30582796.192
2293.65122906,30582682.2443
2293.67166055,30577542.0226
2293.69209214,30565444.1217
2293.71252383,30579658.6642
2293.73295532,30571138.0144
2293.75338701,30574939.7932
2293.7738186,30569458.9126
2293.79425009,30569664.1146
2293.81468178,30567269.8169
2293.83511337,30575040.5554
2293.85554497,30569518.7113
2293.87597656,30566460.4023
2293.89640815,30577834.9746
2293.91683984,30577404.6371
2293.93727133,30590104.5114
2293.95770292,30583479.4303
2293.97813451,30583113.6773
2293.99856621,30586853.9883
2294.0189977,30578621.1893
2294.03942929,30578358.4505
2294.05986088,30572283.049
2294.08029247,30571231.018
2294.10072417,30562374.5803
2294.12115566,30558366.4017
2294.14158735,30556621.3113
2294.16201894,30553372.0777
2294.18245044,30550562.5962
2294.20288213,30555947.1248
2294.22331372,30572204.5271
2294.24374522,30579036.3704
2294.26417691,30573185.3862
2294.2846085,30578123.8643
2294.3050402,30572700.1026
2294.32547169,30570693.4506
2294.34590328,30571203.6735
2294.36633498,30572403.3703
2294.38676647,30583315.0166
2294.40719807,30559386.6437
2294.42762976,30551113.4556
2294.44806125,30564737.4765
2294.46849285,30578490.6002
2294.48892454,30581752.2615
2294.50935614,30581463.0257
2294.52978773,30585097.9023
2294.55021933,30587822.2412
2294.57065092,30588169.0605
2294.59108252,30591177.8826
2294.61151411,30585078.4887
2294.63194571,30587466.772
2294.6523773,30580579.0966
2294.6728089,30578712.2605
2294.69324059,30575586.2149
2294.71367209,30571890.2432
2294.73410368,30582986.4116
2294.75453538,30575662.7722
2294.77496688,30584785.5111
2294.79539847,30587319.5195
2294.81583017,30588561.6996
2294.83626167,30589744.5881
2294.85669336,30589470.5736
2294.87712496,30586496.2284
2294.89755646,30578021.2549
2294.91798815,30604746.977
2294.93841975,30575148.4008
2294.95885125,30567876.2181
2294.97928294,30577444.7287
2294.99971454,30579202.7693
2295.02014604,30581711.5929
2295.04057774,30574801.9483
2295.06100933,30574525.5988
2295.08144103,30573336.0234
2295.10187253,30579278.3969
2295.12230413,30570554.2432
2295.14273583,30577157.2845
2295.16316742,30537224.9326
2295.18359892,30551671.2555
2295.20403062,30571801.1788
2295.22446222,30566636.1989
2295.24489382,30565820.5494
2295.26532542,30578390.3297
2295.28575702,30566378.5907
2295.30618862,30571729.6929
2295.32662021,30574964.1244
2295.34705171,30576583.4297
2295.36748341,30581862.7379
2295.38791501,30581168.4544
2295.40834671,30588235.8599
2295.42877821,
2295.44920981,30569932.8312
2295.46964151,30572737.718
2295.49007301,30568324.4493
2295.51050461,30569662.9911
2295.53093631,30568063.0247
2295.55136781,30578674.8733
2295.57179942,30579470.7254
2295.59223112,30586708.1817
2295.61266262,30604919.8694
2295.63309432,30582505.9859
2295.65352592,30581024.3575
2295.67395742,30601178.7206
2295.69438912,30576544.0745
2295.71482072,30567716.766
2295.73525233,30573796.3899
2295.75568393,30577720.0043
2295.77611553,30579664.6174
2295.79654723,30585951.4352
2295.81697873,30579442.2535
2295.83741034,30585915.6344
2295.85784204,30581332.0702
2295.87827364,30577893.8325
2295.89870514,30579717.1989
2295.91913685,30579782.8209
2295.93956845,30571339.2256
2295.95999995,30566933.0157
2295.98043166,30579336.2622
2296.00086326,30578194.7377
2296.02129486,30584749.2572
2296.04172647,30589001.8484
2296.06215807,30589352.3694
2296.08258968,30619331.9611
2296.10302128,30589372.0424
2296.12345278,30596763.0506
2296.14388449,30600441.0355
2296.16431609,30597181.8314
2296.1847478,30583887.9815
2296.2051793,30585984.977
2296.22561091,30590388.6375
2296.24604261,30583511.7405
2296.26647412,30585771.9601
2296.28690572,30586980.9831
2296.30733743,30591230.2476
2296.32776893,30601513.7263
2296.34820064,30595118.2435
2296.36863225,30583854.8323
2296.38906385,30576875.6105
2296.40949546,30571286.7343
2296.42992706,30568325.9838
2296.45035867,30574399.4771
2296.47079028,30579196.1093
2296.49122188,30578150.7149
2296.51165349,30586021.3484
2296.5320852,30575033.463
2296.5525167,30574083.2463
2296.57294841,30573440.1224
2296.59338002,30577142.9028
2296.61381153,30584225.9824
2296.63424323,30585334.7134
2296.65467484,30590307.6329
2296.67510635,30586740.0677
2296.69553806,30581078.0893
2296.71596957,30585291.2361
2296.73640127,30582811.5205
2296.75683288,30579489.3248
2296.77726439,30574457.6415
2296.7976961,30572614.1075
2296.81812771,30562825.87
2296.83855922,30563758.6923
2296.85899093,30567539.5478
2296.87942254,30523786.955
2296.89985404,30566546.7169
2296.92028575,30586301.5612
2296.94071736,30592178.837
2296.96114907,30597170.7223
2296.98158058,30601380.0993
2297.00201219,30606087.6963
2297.0224439,30605691.771
2297.04287551,30603395.3348
2297.06330702,30599557.0239
2297.08373874,30596117.0743
2297.10417035,30586262.6412
2297.12460196,30612227.8199
2297.14503357,30592483.7352
2297.16546518,30596379.071
2297.18589689,30611211.6429
2297.2063284,30606527.9089
2297.22676001,30611098.3283
2297.24719173,30607790.4138
2297.26762324,30603754.2242
2297.28805495,30605832.136
2297.30848656,30588677.924
2297.32891808,30584002.7698
2297.34934979,30580660.4275
2297.3697813,30575547.6026
2297.39021291,
2297.41064463,30573012.8589
2297.43107614,30576829.1408
2297.45150775,30574850.3594
2297.47193947,30574460.2965
2297.49237098,30574443.3336
2297.51280269,30568303.3922
2297.53323431,30575974.5029
2297.55366592,30571516.5575
2297.57409754,30572586.5048
2297.59452915,30582307.692
2297.61496076,30581971.7287
2297.63539238,30585971.0239
2297.65582399,30582499.3072
2297.67625571,30591092.7065
2297.69668722,30599250.4975
2297.71711884,30601463.9158
2297.73755055,30614714.2787
2297.75798217,30613583.4993
2297.77841369,30617910.9672
2297.7988454,30621251.4265
2297.81927702,30620022.4636
2297.83970853,30621373.9239
2297.86014025,30616588.2315
2297.88057187,30611846.4246
2297.90100358,30616587.7984
2297.9214351,30613134.4276
2297.94186672,30611493.2422
2297.96229843,30605129.5338
2297.98272995,30618961.5531
2298.00316157,30596028.6127
2298.02359319,30590250.6994
2298.0440248,30594174.0024
2298.06445652,30585013.3982
2298.08488804,30580766.6016
2298.10531966,30538399.5328
2298.12575138,30576803.3931
2298.14618289,30595326.1339
2298.16661451,30589804.2912
2298.18704623,30589555.2423
2298.20747775,30588071.2508
2298.22790947,30612234.9618
2298.24834109,30596808.6352
2298.26877271,30589025.8406
2298.28920433,30589517.4198
2298.30963595,30596362.7617
2298.33006757,30596523.3091
2298.35049919,30608055.0106
2298.37093081,30609216.6145
2298.39136243,30607504.9166
2298.41179415,30607834.8493
2298.43222567,30610006.4412
2298.45265739,30609782.2243
2298.47308901,30606996.022
2298.49352053,30601840.1974
2298.51395225,30594471.778
2298.53438387,30598509.095
2298.5548154,30593688.0561
2298.57524712,30581139.9308
2298.59567874,30557743.4617
2298.61611046,30587717.8447
2298.63654198,30609930.0145
2298.65697361,30625508.9323
2298.67740523,30612840.3311
2298.69783685,30618603.5146
2298.71826847,30610082.2629
2298.7387001,30606456.1306
2298.75913172,30603446.9741
2298.77956344,30596613.9613
2298.79999497,30599342.8394
2298.82042659,30587181.6798
2298.84085831,30590037.043
2298.86128984,30566226.4482
2298.88172146,30587177.5971
2298.90215319,30603476.0928
2298.92258481,30615207.1397
2298.94301634,30610328.8549
2298.96344806,30611340.5775
2298.98387969,30608114.1226
2299.00431131,30607234.2796
2299.02474294,30600470.5733
2299.04517456,30587589.8627
2299.06560629,30583033.0296
2299.08603781,30573182.0233
2299.10646944,30570919.9108
2299.12690117,30579603.2949
2299.14733269,30591536.5979
2299.16776442,30597725.2238
2299.18819604,30594803.8614
2299.20862757,30597058.0361
2299.2290593,30592836.0577
2299.24949093,30589959.5738
2299.26992245,30589217.6519
2299.29035418,30583588.6086
2299.31078581,30586882.5426
2299.33121744,30575268.4498
2299.35164906,
2299.37208069,30572168.3699
2299.39251232,30587952.0191
2299.41294395,30590742.5969
2299.43337558,30592891.5856
2299.45380721,30597176.938
2299.47423884,30589872.2773
2299.49467046,30594846.5546
2299.51510209,30590182.5137
2299.53553372,30591757.7676
2299.55596545,30598454.4247
2299.57639708,30599885.6718
2299.59682861,30619222.7515
2299.61726034,30603681.4899
2299.63769197,30600710.2197
2299.6581235,30623855.93
2299.67855523,30600223.2124
